['ZTe6J4_aikk', 0.65, 0.0, 0.0, 0.10000000000000002, 0.6000000000000001, 0.0, 0.0, 0.525, 0.05, -0.3125, 0.75]
['BDnnA-2ASB0', 0.09545454545454546, 0.0, -0.013888888888888895, 0.0, 0.0, -0.2916666666666667, -0.04999999999999999, 0.8, 0.3333333333333333, 0.7, 0.0, 0.3, 0.7, 0.85, 0.0, 0.1, 0.35, -0.3125, 0.0, -0.16666666666666666]
['JERpaTX60jg', 0.0, 0.11363636363636363, 0.42142857142857143, 0.8, 0.0, 0.0, 0.0, 0.25, 0.0]
['brgj25cpaEg', 0.22499999999999998, 0.45199999999999996, 0.03958333333333333, 0.7, 0.2421875, 0.35714285714285715, 0.0, 0.35000000000000003, 0.037500000000000006, 0.21553571428571427, 0.30333333333333334, 0.023333333333333334, 0.26666666666666666, 0.35416666666666663, 0.1, 0.269366391184573, 0.10281385281385282, 0.4, 0.5027777777777778, 0.18392857142857144, 0.0, 0.0, 0.7, 0.5, -0.07142857142857142, 0.0, 0.5, 0.0, 0.0, 0.0, 0.0, -0.10624999999999998, 0.0, 0.07999999999999999, 0.0, 0.16666666666666666, 0.0, -0.4, 0.29583333333333334, 0.0, 0.75, 0.0, 0.0, 0.0, 0.0, 0.0, 0.0, 0.0, 0.1, 0.12619047619047621, -0.1875, 0.05, 0.10982142857142857, 0.35, 0.425, 0.0, 0.0, 0.0, 0.2333333333333333, 0.29500000000000004, 0.32936507936507936, 0.4166666666666667, 0.65, 0.0, 0.6666666666666666, 0.3, 0.4, 0.27777777777777773, 0.24666666666666667, 0.06666666666666667, 0.65, 0.1, 0.0, -0.5, 0.0, 0.31666666666666665, -0.03125, 0.07749999999999999, 0.0, 0.0, 0.0, 0.0, 0.0, 0.0, -0.03589743589743589, 0.55, 0.0, -0.15625, 0.0, 0.0, 0.09357142857142857, 0.0, 0.0, 0.0, 0.0, -0.016666666666666663, 0.0, 0.0, 0.0, 0.35000000000000003]
['cmw6GjAOuAc', 0.1722943722943723, 0.30000000000000004, 0.5, 0.25075757575757573, 0.8, 0.0, 0.02819444444444445, 0.0, 0.23000000000000004, 0.16666666666666666, 0.0, 0.0, 0.35, 0.5, -0.025, 0.55, 0.0, 0.5, -0.08333333333333333, -0.14285714285714285, 0.0, 0.0]
['Y4L2lI5TAAY', 0.325, 0.0, 0.5, -1.0, 0.7, 0.5, 0.5, 0.0, 0.8, 0.4, 0.3, 0.16666666666666666, 0.027083333333333327, 0.0, 0.0]
['JBa2q3AZThw', 0.12648809523809523, 0.0, 0.39999999999999997, 0.6875, -0.024999999999999994, 0.0, 0.21083333333333334, 0.11999999999999997, 0.04748376623376624, 0.2, 0.0, 0.6]
['XTbYWrSdlG0', -0.1494949494949495, 0.26545454545454544, 0.25, 0.15, 0.30892857142857144, 0.14285714285714285, 0.07227272727272727, 0.14845238095238097, -0.5, 0.06666666666666665, 0.16, 0.3666666666666667, 0.12839826839826834, 0.14534632034632033, 0.08, 0.01095238095238095, 0.0, 0.0, 0.0, 0.0, 0.03896103896103896, -0.007499999999999995, -0.25, 0.25, 0.0, 0.2, 0.21108225108225112, 0.18234126984126986, 0.2672727272727273, 0.05, 0.0, 0.016666666666666677, 0.10727272727272727, 0.19285714285714284, 0.0, -0.3125, 0.2, 0.23083333333333336, 0.0, 0.0, 0.4, 0.12460606060606061, 0.28, 0.0, -0.25, 0.22499999999999998, 0.0, 0.5428571428571429, 0.0, 0.0, 0.0, 0.10000000000000002, 0.28, 0.0, -0.1, 0.0, -0.1875]
['vB_2bj3Shio', 0.27999999999999997, 0.09999999999999999, 0.85, 0.4166666666666667, 0.65, 0.75, 0.0, 0.31666666666666665, 0.3, 0.2, 0.5, 0.3333333333333333, 0.0, 0.6, 0.09523809523809523, 0.8, 0.0, 0.0, 0.39999999999999997, 0.5, 0.0, 0.5, 0.0, 0.35, 0.6, 0.08333333333333333, 0.0, 0.8, 0.06666666666666667, 0.5, 0.8, 0.0, 0.4875, 0.7000000000000001, 0.5, 0.8, 0.8, 0.0910763478945297, 0.0, 0.375, 0.10000000000000002, 0.0, 0.0, 0.0, 0.11452380952380954, -0.3333333333333333, 0.25, 0.2, 0.44999999999999996, 0.0, 0.16914141414141415, -0.03583333333333334, 0.07181818181818182, 0.5]
['WjI_jZqcKeI', -0.16999999999999998, 0.75, 0.10166666666666667, 0.425, 0.8, 0.21904761904761905, 0.12499999999999997, 0.15083333333333332, -0.12666666666666662, 0.7, 0.2875, -0.16666666666666666, -0.1, -0.09242424242424244, 0.1, -0.2738095238095238, 0.0, 0.2, 0.004655448717948721, -0.6, -0.07142857142857142, 0.16, 0.07604166666666667, -0.2666666666666666, 0.0, -0.5, 0.3333333333333333, 0.0, 0.2, 0.0500000000000001, 0.07727272727272726, -0.5, -0.18253968253968256, 0.37333333333333335, 0.25416666666666665, -0.2, 0.0, 0.0, -0.1, 0.0, 0.2, 0.05, 0.0, 0.0, -0.16666666666666666, 0.0, 0.8, 0.0, 0.7, 0.0, 0.0, 0.0, 0.8, 0.4166666666666667, 0.0, 0.0, -0.2, 0.225, 0.0, 0.0, -0.3999999999999999, 0.0, 0.0375, 0.013766233766233772, -1.0, 0.16, 0.5, 0.0, 0.0, 0.0, 0.0, 0.1481818181818182, -0.09999999999999999, -0.03247474747474748, 0.1580855547960811, 0.0012500000000000011]
['TW4qchbGXg0', 0.24, 0.047272727272727265, -0.16799999999999998, 0.0, -0.049999999999999996, 0.5, 0.41714285714285715, 0.06235119047619048, 0.5, 0.4, 0.0, -0.1, 0.2, 0.0, 0.15000000000000002, 0.2, 0.0, 0.2]
['JujnC2CCtj4', 0.5, 0.13988095238095238, 0.17954545454545456, 0.43333333333333335, 0.4, 0.06666666666666667, 0.8166666666666668, 0.19062500000000002, 0.21250000000000002, 0.7, -0.22999999999999998, 0.30000000000000004, 0.15999999999999998, 0.0, 0.5121212121212121, 0.3, 0.5, 0.6, 0.0, 0.0, 0.3166666666666667, 0.55, 0.0, 0.11818181818181818, -0.3333333333333333, 0.03333333333333335, 0.5, 0.0, 0.5166666666666667, 0.26083333333333336, 0.0, -0.20000000000000004, 0.3333333333333333, 0.2354591836734694, 0.40972222222222227]
['zfVS9GgYLRM', 0.08166666666666667, -0.09940476190476193, 0.40277777777777785, 0.19432072829131655, 0.225, 0.3333333333333333, 0.13636363636363635, -0.012499999999999976, -0.35, -0.375, 0.5136363636363637, 0.010833333333333328, 0.0, 0.5, -0.4, -0.3125, 0.40277777777777773, -0.07625, 0.0, 0.0, 0.0, 0.4, 0.4083333333333333, 0.1649350649350649, 0.6, 0.0, 0.0, 0.7, 0.0, 0.21428571428571427, 0.0, 0.0, 0.09583333333333333, 0.16785714285714284, 0.0625, 0.03333333333333333, -0.15, 0.3333333333333333, 0.65, 0.7, -0.1322222222222222, 0.3, 0.2, 0.044964150432900446, 0.39999999999999997, 0.4, 0.0, 0.2857142857142857, -0.21666666666666665, -0.05104166666666666, 0.8, 0.12285714285714286, 0.1515151515151515, 0.4, 0.8, 0.17714285714285713, 0.0, -0.10976190476190477, 0.0, 0.43333333333333335, 0.25727272727272726, 0.2055887445887446, 0.0, 0.11666666666666665, -0.17595238095238094, 0.09880952380952379, 0.14285714285714285, -0.153125, -0.153125, -0.153125, -0.153125, -0.153125, -0.153125, -0.153125, -0.153125, -0.153125, -0.153125, -0.153125, -0.153125, -0.153125, -0.153125, -0.153125, -0.153125, -0.153125, -0.153125, -0.153125, -0.153125, -0.153125, -0.153125, -0.153125, -0.153125, -0.153125, -0.153125, -0.153125, -0.153125, -0.153125, -0.153125, -0.153125]
['nwYS_IQ6w3U', 0.19, 0.2857142857142857, 0.5, 0.4, 0.2681818181818182, 0.16666666666666666, 0.0, 0.8, 0.8, 0.5499999999999999, 0.35, 0.0, 0.7, 0.0, 0.0]
['d87IErdDfM0', 0.03333333333333333, 0.0, 0.05000000000000001, 0.42714285714285716, 0.0, 0.17424242424242423, 0.8, 0.30000000000000004, 0.2785714285714286, 0.8, 0.30000000000000004, 0.8, 0.6000000000000001, 1.0, -0.09999999999999999, -0.03181818181818183, 0.07500000000000001, 0.25, -0.024793388429752063, -0.5, 0.0, 0.5, 0.5, 0.0, 0.3, 0.08214285714285716, 0.28939393939393937, 0.5, 0.0, 0.2857142857142857, 0.0, 0.0, 0.0, 0.0, 0.0, 0.0, 0.0, -0.25, 0.8, 0.014123376623376621, 0.0, 0.8, -0.3125, 0.0, 0.0, 0.026785714285714288, 0.0, 0.2, -0.125, 0.0, 0.0, -0.8, 0.0, 0.043181818181818175, -0.05, -0.22767857142857142, -0.14761904761904762, 0.22539682539682537, 0.2333333333333333, 0.2]
['1Xdqrqw9k5U', -0.25, 0.45, 0.18000000000000002, 0.47500000000000003, -0.08062770562770563, 0.6666666666666666, 0.5, 0.8, 0.23512396694214877, -0.07007575757575757, 0.0, 0.6, -0.25, 0.20389610389610388, 0.08, 0.0, 0.15, 0.06428571428571428, 0.3169230769230769, 0.0, 0.0, -1.0, -0.3422619047619048, 0.25, 0.0, 0.2857142857142857, -0.5, 0.0, 0.0, -0.20454545454545456, 0.25, 0.0, -0.25, 0.13492063492063489, -0.3125, -0.15, 0.04545454545454546, -0.07142857142857142, 0.06523892773892774, 0.25, -0.20000000000000004, 0.0, 0.0, 0.2, -0.2654545454545455, 0.8, -0.3, 0.0, 0.28279498279498283, 0.0, 0.0, -0.3, 0.22537878787878787, -0.7999999999999999, -0.15, 0.13636363636363635, 0.13636363636363635, -0.25, -0.25, 0.02500000000000001, -0.05, 0.0, -0.25, 0.0, 0.0, 0.2, 0.0]
['t0N1p1aD70c', 0.21666666666666667, 0.35, 0.65, -0.19999999999999998, 0.26666666666666666, 0.28, 0.0, 0.8, 0.8, 0.5, 0.0, 0.0, 0.0, 0.5, 0.0]
['c6hjZJf8WWE', 0.25, 0.16285714285714287, 0.18381313131313134, 0.21071428571428572, 0.16041666666666668, 0.3472727272727273, 0.5466666666666666, 0.8, 0.027083333333333307, 0.0, 0.15625000000000003, -0.015151515151515152, 0.3154761904761904, 0.0, 0.35, 0.7, 0.016666666666666677, 0.3045454545454546, 0.0, 0.0, 0.1, 0.11111111111111112, 0.23333333333333336, 0.0, 0.4, 0.0, 0.2, -0.16666666666666666, 0.0, 0.25, 0.8, 0.0, 0.0]
['eSOflLy4n4o', 0.16666666666666669, 0.16666666666666666, 0.5, 0.16666666666666666, 0.3333333333333333, 0.2833333333333333, 0.3590909090909091, 0.10000000000000007, -0.05, 0.0024621212121212124, 0.26166666666666666, 0.13333333333333333, 0.25, 0.125, 0.6499999999999999, 0.0, 0.125, 0.8, 0.0, 0.2375, 0.4, 0.8, -0.5, 1.0, 0.0, 0.3452380952380952, 0.0, -0.14583333333333334, 0.3181818181818182, 0.6000000000000001, 0.29642857142857143, 0.0]
['yR3dHLBv7dM', 0.65, 0.14805194805194805, 0.10000000000000002, 0.18714285714285714, 0.0, 0.8, 0.0, 0.0, 0.5, 0.0, 0.4, 0.0, -0.1, -0.1, 0.8, 0.8]
['IAP2apxD5oY', -0.02222222222222216, 0.031688311688311675, -0.12666666666666668, 0.16666666666666666, 0.175, 0.7, 0.0, 0.0, 0.14805194805194805, 0.0, 0.375, 0.65, 0.19999999999999998, 0.8, 0.175, -0.16428571428571428, 0.13499999999999998, 0.4000000000000001, 0.0, 1.0, 0.0, 0.0, 0.44999999999999996, 0.35, 0.0, 0.16, 0.06857142857142856, -0.03133333333333334, 0.5, 0.3428571428571429, 0.13333333333333333, 0.3181818181818182, 0.8, 0.043181818181818175, 0.03333333333333334, 0.8, 0.4, 0.8, 0.0, 0.5, 0.08750000000000001, 0.4, 0.05, 0.0, -0.14115646258503398, 0.0, 0.41818181818181815, 0.0, 0.0, 0.0, 0.0, 0.0, 0.033333333333333354, -0.008000000000000007, 0.0, 0.0, 0.0, 0.175, 0.29523809523809524, -0.15000000000000002, 0.35, 0.2583333333333333, 0.0, 0.2, -0.275, 0.023333333333333338, 0.0, 0.25]
['GNYnRjBSxDM', -0.2571428571428571, 0.1090909090909091, 0.65, 0.15, 0.0, 0.13636363636363635, 0.8000000000000002, 0.0, 0.0, 0.45999999999999996, -0.15, 0.35833333333333334, 0.525, 0.0, 0.5, 0.4444444444444444, 0.5666666666666667, 0.575, 0.45, -0.04999999999999999, 0.0, -0.5125, 0.12664285714285714, 0.0, 0.0, 0.0, 0.0, 0.65, 0.0, 0.35, 0.2, 0.0, 0.2857142857142857, 0.0, 0.0, 0.0, 0.6, 0.0, 0.6000000000000001, 0.2, -0.5, 0.4, 0.2015625, 0.35, 0.1545454545454545, 0.8166666666666668, 0.45, 0.7, 0.17777777777777778, 0.0, 0.15158730158730158, 0.8, 0.0, 0.3, 0.0, 0.0, 0.0, -0.2, -0.2, 0.0, -0.2111111111111111, 0.15000000000000002, 0.0, 0.0, 0.0, 0.0, 0.0, 0.0, 0.3035714285714286, -0.5, 0.0, 0.2857142857142857, -0.0625, 0.0, 0.006944444444444457, -0.4, 0.0, -0.3333333333333333, 0.6, 0.3, 0.17500000000000002, 0.0]
['IVK5vQg1UvY', 0.0, 0.40125, 0.27499999999999997, 0.34107744107744103, 0.39, 0.3, 0.25833333333333336, 0.24285714285714285, 0.8, -0.07777777777777779, 0.5971428571428572, 0.8, 0.22777777777777777, 0.37777777777777777, 0.18, 0.43333333333333335, -0.07407407407407406, 0.16666666666666666, 0.0, 0.10868983957219254, 0.2, 0.5249999999999999, 0.0, 0.8, 0.2, 0.2, 0.2, 0.1406060606060606, 0.0, 0.0, 0.6000000000000001, -0.04999999999999996, 0.0, 0.08333333333333333, 0.6, -0.05, 0.5, 0.0, 0.0, 0.0, -0.0625, -0.11000000000000001, 0.04545454545454545, -0.2, 0.03392857142857143, 0.012499999999999997, -0.2916666666666667, 0.33749999999999997, 0.1, 0.16666666666666666, 0.20666666666666667, 0.65, 0.5, -0.06041666666666669, 0.0384817563388992, 0.0, 1.0, 0.0, 0.23809523809523808, -0.3125, 0.1613756613756614, 0.8, 0.1406060606060606, 0.0, 0.14805194805194805, 0.0, 0.0, 0.0, 0.6, 0.0, 0.2, 0.0, -0.15, 0.2, 0.023232323232323215, 0.2, 0.0, 0.48750000000000004, 0.8, 0.0, 0.15285714285714286, 0.5, 0.7, 0.3952380952380952, 0.2075, -0.3175, 0.5, 0.0, 0.8, 0.2, 0.7, 0.0, 0.0, 0.0, 0.0, 0.0, -0.3125, 0.0, -0.3125, 0.13854166666666667]
['QWNPOPdSPJc', 0.25, 0.08409090909090909, 0.21428571428571427, 0.0, -0.16666666666666666, 0.5, -0.08333333333333333, 0.25, -0.11979166666666666, 0.0]
['967GkIZJrBg', -0.1371031746031746, 0.5833333333333334, 0.1, 0.30476190476190473, 0.21212121212121213, 0.22000000000000003, 0.2, 0.19166666666666665, 0.1, 0.3833333333333333, 0.3837662337662338, 0.22142857142857142, 0.07738095238095238, 0.3, 0.4, 0.375, -0.1, 0.7, 0.0, 1.0, 0.7, 0.5, 0.8, 0.6666666666666666, 0.2, 0.1, 0.0, 0.0, 0.0, 0.0, 0.7, 0.0, -0.046666666666666676, 0.19999999999999998, -0.1, 0.0, -0.375, 0.0, 0.14149350649350648, 0.18888888888888886, 0.0, 0.0, 0.1, -0.05, 0.16666666666666666, 0.0, 0.7, 0.5, 0.0, 0.15000000000000002, 0.0, 0.5, 0.2, 0.0, 0.2857142857142857, 0.5, 0.8, 0.0, 0.0, 0.1333333333333333, 0.0, 0.0, 0.0, 0.0, 0.18214285714285713, 0.2, 0.0, 0.1, 0.0, 0.0, 0.1, 0.1, 0.1, -0.275, 0.0, 0.4809523809523809, 0.0, 0.0, 0.0]
['vmqell13vz8', 0.0, 0.475, 0.10535714285714286, 0.5, 0.8, 0.45714285714285713, 0.8, 0.8, 0.05, 0.25, 0.8, 0.0, 0.0, 0.0, 0.32857142857142857, 0.0, 0.0, 0.0, 0.2]
['ZTe6J4_aikk', 0.65, 0.6000000000000001, 0.10000000000000002, 0.0, 0.0, 0.0, 0.0, 0.525, 0.05, -0.3125, 0.75]
['BDnnA-2ASB0', 0.09545454545454546, 0.0, -0.013888888888888895, 0.0, 0.0, -0.2916666666666667, -0.04999999999999999, 0.8, 0.3333333333333333, 0.7, 0.0, 0.3, 0.7, 0.85, 0.0, 0.1, 0.35, -0.3125, 0.0, -0.16666666666666666]
['JERpaTX60jg', 0.0, 0.11363636363636363, 0.42142857142857143, 0.8, 0.0, 0.0, 0.0, 0.25, 0.0]
['brgj25cpaEg', 0.22499999999999998, 0.45199999999999996, 0.03958333333333333, 0.7, 0.2421875, 0.35714285714285715, 0.0, 0.35000000000000003, 0.037500000000000006, 0.21553571428571427, 0.30333333333333334, 0.023333333333333334, 0.26666666666666666, 0.35416666666666663, 0.1, 0.269366391184573, 0.10281385281385282, 0.4, 0.5027777777777778, 0.18392857142857144, 0.0, 0.0, 0.7, 0.5, -0.07142857142857142, 0.0, 0.5, 0.0, 0.0, 0.0, 0.0, -0.10624999999999998, 0.0, 0.07999999999999999, 0.0, 0.16666666666666666, 0.0, -0.4, 0.29583333333333334, 0.0, 0.75, 0.0, 0.0, 0.0, 0.0, 0.0, 0.0, 0.0, 0.1, 0.12619047619047621, -0.1875, 0.05, 0.10982142857142857, 0.35, 0.425, 0.0, 0.0, 0.0, 0.2333333333333333, 0.29500000000000004, 0.32936507936507936, 0.4166666666666667, 0.65, 0.0, 0.6666666666666666, 0.3, 0.4, 0.27777777777777773, 0.24666666666666667, 0.06666666666666667, 0.65, 0.1, 0.0, -0.5, 0.0, 0.31666666666666665, -0.03125, 0.07749999999999999, 0.0, 0.0, 0.0, 0.0, 0.0, 0.0, -0.03589743589743589, 0.55, 0.0, -0.15625, 0.0, 0.0, 0.09357142857142857, 0.0, 0.0, 0.0, 0.0, -0.016666666666666663, 0.0, 0.0, 0.0, 0.35000000000000003]
['cmw6GjAOuAc', 0.1722943722943723, 0.30000000000000004, 0.5, 0.25075757575757573, 0.8, 0.0, 0.02819444444444445, 0.0, 0.23000000000000004, 0.16666666666666666, 0.0, 0.0, 0.35, 0.5, -0.025, 0.55, 0.0, 0.5, -0.08333333333333333, -0.14285714285714285, 0.0, 0.0]
['Y4L2lI5TAAY', 0.325, 0.0, 0.5, -1.0, 0.7, 0.5, 0.5, 0.0, 0.8, 0.4, 0.3, 0.16666666666666666, 0.0, 0.0]
['JBa2q3AZThw', 0.12648809523809523, 0.0, -0.024999999999999994, 0.2, 0.21083333333333334, 0.39999999999999997, 0.6875, 0.11999999999999997, 0.04748376623376624, 0.0, 0.0, 0.6]
['ZTe6J4_aikk', 0.65, 0.0, 0.0, 0.10000000000000002, 0.6000000000000001, 0.0, 0.0, 0.525, 0.05, -0.3125, 0.75]
['BDnnA-2ASB0', 0.09545454545454546, 0.0, -0.013888888888888895, 0.0, 0.0, -0.2916666666666667, -0.04999999999999999, 0.8, 0.3333333333333333, 0.7, 0.0, 0.3, 0.7, 0.85, 0.0, 0.1, 0.35, -0.3125, 0.0, -0.16666666666666666]
['JERpaTX60jg', 0.0, 0.11363636363636363, 0.42142857142857143, 0.8, 0.0, 0.0, 0.0, 0.25, 0.0]
['brgj25cpaEg', 0.22499999999999998, 0.03958333333333333, 0.2421875, 0.29500000000000004, 0.7, 0.1, 0.45199999999999996, 0.21553571428571427, 0.35416666666666663, 0.1, 0.0, 0.35000000000000003, 0.0, 0.30333333333333334, 0.35714285714285715, 0.269366391184573, 0.4, 0.5027777777777778, 0.2, 0.18392857142857144, 0.0, 0.0, 0.7, 0.5, -0.07142857142857142, 0.0, 0.0, 0.0, 0.0, 0.5, 0.0, -0.4, 0.29583333333333334, 0.0, 0.0, 0.0, 0.0, -0.10624999999999998, 0.0, 0.07999999999999999, 0.0, 0.75, 0.0, 0.0, 0.0, 0.0, 0.0, 0.0, 0.0, 0.0, 0.037500000000000006, 0.6666666666666666, 0.24666666666666667, 0.3, 0.32936507936507936, 0.26666666666666666, 0.27777777777777773, 0.4, 0.65, 0.65, 0.4166666666666667, 0.2, -0.5, 0.0, 0.10281385281385282, 0.2333333333333333, -0.024999999999999994, 0.023333333333333334, 0.0, 0.0, 0.16666666666666666, 0.0, -0.15625, 0.0, 0.0, 0.09357142857142857, 0.0, 0.0, 0.0, 0.0, -0.03589743589743589, 0.55, 0.0, 0.0, 0.0, 0.0, -0.016666666666666663, 0.0, 0.1, 0.12619047619047621, -0.1875, 0.05, 0.10982142857142857, 0.35, 0.425, 0.0, 0.0, 0.0, 0.0, 0.0]
['cmw6GjAOuAc', 0.1722943722943723, 0.30000000000000004, 0.23000000000000004, 0.8, 0.25075757575757573, 0.0, 0.0, -0.025, 0.02819444444444445, 0.5, 0.0, 0.5, 0.0, 0.0, 0.35, 0.16666666666666666, 0.55, 0.5, -0.08333333333333333, -0.14285714285714285, 0.0, 0.0]
['Y4L2lI5TAAY', 0.325, 0.0, 0.5, -1.0, 0.7, 0.5, 0.5, 0.0, 0.8, 0.4, 0.3, 0.16666666666666666, 0.027083333333333327, 0.0, 0.0]
['JBa2q3AZThw', 0.12648809523809523, 0.0, -0.024999999999999994, 0.2, 0.21083333333333334, 0.39999999999999997, 0.6875, 0.11999999999999997, 0.04748376623376624, 0.0, 0.0, 0.6]
['XTbYWrSdlG0', -0.1494949494949495, 0.26545454545454544, 0.25, 0.15, 0.30892857142857144, 0.14285714285714285, 0.07227272727272727, 0.14845238095238097, -0.5, 0.06666666666666665, 0.16, 0.3666666666666667, 0.12839826839826834, 0.14534632034632033, 0.08, 0.01095238095238095, 0.0, 0.0, 0.0, 0.0, 0.03896103896103896, -0.007499999999999995, -0.25, 0.25, 0.0, 0.2, 0.21108225108225112, 0.18234126984126986, 0.2672727272727273, 0.05, 0.0, 0.016666666666666677, 0.10727272727272727, 0.19285714285714284, 0.0, -0.3125, 0.2, 0.23083333333333336, 0.0, 0.0, 0.4, 0.12460606060606061, 0.28, 0.0, -0.25, 0.22499999999999998, 0.0, 0.5428571428571429, 0.0, 0.0, 0.0, 0.10000000000000002, 0.28, 0.0, -0.1, 0.0, -0.1875]
['vB_2bj3Shio', 0.27999999999999997, 0.09999999999999999, 0.85, 0.4166666666666667, 0.39999999999999997, 0.5, 0.7000000000000001, 0.31666666666666665, 0.75, 0.3, 0.65, 0.4875, 0.09523809523809523, 0.0, 0.5, 0.3333333333333333, 0.6, 0.0, 0.5, 0.0, 0.0, 0.5, 0.0, 0.35, 0.6, 0.08333333333333333, 0.0, 0.2, 0.0, 0.5, 0.8, 0.06666666666666667, 0.8, 0.0, 0.2, 0.375, 0.8, 0.0910763478945297, 0.8, 0.0, 0.10000000000000002, 0.11452380952380954, 0.0, 0.0, -0.3333333333333333, 0.0, 0.25, 0.8, 0.44999999999999996, 0.0, 0.16914141414141415, -0.03583333333333334, 0.07181818181818182, 0.5]
['WjI_jZqcKeI', -0.16999999999999998, 0.75, 0.10166666666666667, 0.425, 0.8, 0.21904761904761905, 0.12499999999999997, 0.15083333333333332, -0.12666666666666662, 0.7, 0.2875, -0.16666666666666666, -0.1, -0.09242424242424244, 0.1, -0.2738095238095238, 0.0, 0.2, 0.004655448717948721, -0.6, -0.07142857142857142, 0.16, 0.07604166666666667, -0.2666666666666666, 0.0, -0.5, 0.3333333333333333, 0.0, 0.2, 0.0500000000000001, 0.07727272727272726, -0.5, -0.18253968253968256, 0.37333333333333335, 0.25416666666666665, -0.2, 0.0, 0.0, -0.1, 0.0, 0.2, 0.05, 0.0, 0.0, -0.16666666666666666, 0.0, 0.8, 0.0, 0.7, 0.0, 0.0, 0.0, 0.8, 0.4166666666666667, 0.0, 0.0, -0.2, 0.225, 0.0, 0.0, -0.3999999999999999, 0.0, 0.0375, 0.013766233766233772, -1.0, 0.16, 0.5, 0.0, 0.0, 0.0, 0.0, 0.1481818181818182, -0.09999999999999999, -0.03247474747474748, 0.1580855547960811, 0.0012500000000000011]
['TW4qchbGXg0', 0.0, 0.0, 0.047272727272727265, 0.2, 0.5, 0.24, 0.41714285714285715, 0.5, 0.06235119047619048, 0.4, 0.0, -0.049999999999999996, 0.2, -0.16799999999999998, 0.0, -0.1, 0.15000000000000002, 0.2]
['JujnC2CCtj4', 0.5, 0.17954545454545456, 0.7, 0.06666666666666667, 0.13988095238095238, 0.30000000000000004, 0.43333333333333335, 0.19062500000000002, 0.5, 0.8166666666666668, 0.0, 0.6, 0.4, 0.15999999999999998, 0.5121212121212121, 0.3, 0.3166666666666667, 0.0, -0.22999999999999998, 0.0, 0.21250000000000002, 0.55, 0.0, 0.11818181818181818, -0.3333333333333333, 0.03333333333333335, 0.5, 0.0, 0.5166666666666667, 0.26083333333333336, 0.0, -0.20000000000000004, 0.3333333333333333, 0.2354591836734694, 0.40972222222222227]
['zfVS9GgYLRM', 0.08166666666666667, 0.40277777777777785, 0.225, -0.35, -0.09940476190476193, -0.375, 0.7, 0.40277777777777773, 0.0, 0.3333333333333333, 0.0, 0.5136363636363637, 0.19432072829131655, 0.7, 0.21428571428571427, 0.13636363636363635, -0.3125, 0.5, 0.4, -0.4, 0.4083333333333333, 0.1649350649350649, 0.0, 0.0, 0.0, 0.6, 0.09583333333333333, -0.15, 0.0, 0.0625, 0.03333333333333333, 0.65, 0.0, 0.0, 0.0, 0.0, -0.012499999999999976, -0.1322222222222222, 0.39999999999999997, 0.010833333333333328, 0.0, 0.3333333333333333, 0.3, 0.044964150432900446, 0.0, 0.0, -0.21666666666666665, 0.4, -0.05104166666666666, 0.8, 0.12285714285714286, 0.1515151515151515, 0.4, 0.8, 0.17714285714285713, 0.0, -0.10976190476190477, 0.0, 0.43333333333333335, 0.25727272727272726, 0.2055887445887446, 0.0, 0.11666666666666665, -0.17595238095238094, 0.09880952380952379, 0.14285714285714285, -0.153125, -0.153125, -0.153125, -0.153125, -0.153125, -0.153125, -0.153125, -0.153125, -0.153125, -0.153125, -0.153125, -0.153125, -0.153125, -0.153125, -0.153125, -0.153125, -0.153125, -0.153125, -0.153125, -0.153125, -0.153125, -0.153125, -0.153125, -0.153125, -0.153125, -0.153125, -0.153125, -0.153125, -0.153125, -0.153125, -0.153125, -0.153125]
['nwYS_IQ6w3U', 0.19, 0.2857142857142857, 0.16666666666666666, 0.8, 0.4, 0.5, 0.2681818181818182, 0.0, 0.8, 0.35, 0.7, 0.5499999999999999, 0.0, 0.0, 0.0]
['d87IErdDfM0', 0.03333333333333333, 0.0, 0.8, 0.0, 0.8, 1.0, 0.05000000000000001, 0.6000000000000001, -0.3125, 0.2785714285714286, 0.42714285714285716, 0.30000000000000004, 0.30000000000000004, 0.8, -0.03181818181818183, 0.0, 0.8, 0.07500000000000001, 0.8, 0.17424242424242423, 0.0, 0.5, 0.5, 0.0, 0.0, 0.0, 0.0, 0.0, 0.043181818181818175, 0.3, 0.08214285714285716, 0.28939393939393937, 0.5, 0.0, 0.0, 0.2857142857142857, -0.5, -0.024793388429752063, 0.0, -0.25, 0.014123376623376621, 0.0, 0.2, 0.026785714285714288, 0.25, -0.09999999999999999, 0.0, -0.125, 0.0, 0.0, 0.0, 0.0, -0.8, 0.0, -0.05, -0.22767857142857142, -0.14761904761904762, 0.22539682539682537, 0.2333333333333333, 0.2]
['1Xdqrqw9k5U', -0.25, -0.08062770562770563, 0.18000000000000002, 0.23512396694214877, 0.06428571428571428, -0.3125, 0.45, 0.47500000000000003, 0.6666666666666666, 0.3169230769230769, -0.07142857142857142, 0.0, -0.25, -0.15, 0.0, -0.2654545454545455, -0.07007575757575757, 0.6, 0.8, 0.0, 0.0, -1.0, -0.3422619047619048, 0.25, 0.0, 0.2857142857142857, -0.5, 0.0, 0.25, 0.0, 0.13636363636363635, 0.13636363636363635, 0.0, -0.20454545454545456, -0.25, 0.13492063492063489, 0.28279498279498283, 0.15, 0.5, 0.25, 0.8, 0.2, 0.08, 0.20389610389610388, -0.3, 0.06523892773892774, 0.0, 0.04545454545454546, -0.20000000000000004, 0.0, 0.0, 0.0, 0.0, 0.0, -0.25, -0.3, -0.25, -0.25, 0.02500000000000001, -0.15, -0.7999999999999999, 0.22537878787878787, 0.0, 0.2, 0.0, -0.05, 0.0]
['t0N1p1aD70c', 0.21666666666666667, 0.65, -0.19999999999999998, 0.35, 0.28, 0.26666666666666666, 0.0, 0.8, 0.8, 0.0, 0.0, 0.0, 0.5, 0.0, 0.5]
['c6hjZJf8WWE', 0.25, 0.16285714285714287, 0.18381313131313134, 0.21071428571428572, 0.16041666666666668, 0.3472727272727273, 0.5466666666666666, 0.8, 0.027083333333333307, 0.0, 0.15625000000000003, -0.015151515151515152, 0.3154761904761904, 0.0, 0.35, 0.7, 0.016666666666666677, 0.3045454545454546, 0.0, 0.0, 0.1, 0.11111111111111112, 0.23333333333333336, 0.0, 0.4, 0.0, 0.2, -0.16666666666666666, 0.0, 0.25, 0.8, 0.0, 0.0]
['eSOflLy4n4o', 0.16666666666666669, 0.16666666666666666, 0.5, 0.16666666666666666, 0.3333333333333333, 0.2833333333333333, 0.3590909090909091, 0.10000000000000007, -0.05, 0.0024621212121212124, 0.26166666666666666, 0.13333333333333333, 0.25, 0.125, 0.6499999999999999, 0.0, 0.125, 0.8, 0.0, 0.2375, 0.4, 0.8, -0.5, 1.0, 0.0, 0.3452380952380952, 0.0, -0.14583333333333334, 0.3181818181818182, 0.6000000000000001, 0.29642857142857143, 0.0]
['yR3dHLBv7dM', 0.65, 0.14805194805194805, 0.10000000000000002, 0.18714285714285714, 0.0, 0.8, 0.0, 0.0, 0.5, 0.0, 0.4, 0.0, -0.1, -0.1, 0.8, 0.8]
['IAP2apxD5oY', -0.02222222222222216, 0.031688311688311675, -0.12666666666666668, 0.16666666666666666, 0.175, 0.7, 0.0, 0.0, 0.14805194805194805, 0.0, 0.375, 0.65, 0.19999999999999998, 0.8, 0.175, -0.16428571428571428, 0.13499999999999998, 0.4000000000000001, 0.0, 1.0, 0.0, 0.0, 0.44999999999999996, 0.35, 0.0, 0.16, 0.06857142857142856, -0.03133333333333334, 0.5, 0.3428571428571429, 0.13333333333333333, 0.3181818181818182, 0.8, 0.043181818181818175, 0.03333333333333334, 0.8, 0.4, 0.8, 0.0, 0.5, 0.08750000000000001, 0.4, 0.05, 0.0, -0.14115646258503398, 0.0, 0.41818181818181815, 0.0, 0.0, 0.0, 0.0, 0.0, 0.033333333333333354, -0.008000000000000007, 0.0, 0.0, 0.0, 0.175, 0.29523809523809524, -0.15000000000000002, 0.35, 0.2583333333333333, 0.0, 0.2, -0.275, 0.023333333333333338, 0.0, 0.25]
['GNYnRjBSxDM', -0.2571428571428571, 0.65, 0.1090909090909091, 0.15, 0.8000000000000002, 0.45, 0.35833333333333334, 0.0, 0.45999999999999996, 0.5, 0.4444444444444444, 0.525, 0.575, 0.0, 0.2015625, 0.7, -0.04999999999999999, 0.35, 0.13636363636363635, 0.1545454545454545, 0.0, -0.5125, 0.12664285714285714, 0.0, 0.0, 0.0, 0.0, 0.0, 0.65, 0.35, 0.2, 0.2, 0.2857142857142857, 0.0, 0.0, 0.6, 0.0, 0.6000000000000001, 0.15000000000000002, 0.0, 0.0, -0.5, 0.4, 0.0, 0.0, 0.0, 0.8166666666666668, 0.5666666666666667, -0.15, 0.45, 0.17777777777777778, 0.15158730158730158, 0.0, 0.0, 0.0, 0.3, 0.0, -0.2, -0.2, 0.0, 0.8, 0.0, 0.0, -0.2111111111111111, 0.0, 0.0, 0.0, 0.3035714285714286, 0.0, -0.5, 0.0, 0.2857142857142857, -0.0625, 0.0, 0.006944444444444457, -0.4, 0.0, -0.3333333333333333, 0.6, 0.3, 0.17500000000000002, 0.0]
['IVK5vQg1UvY', 0.0, 0.40125, 0.10868983957219254, 0.16666666666666666, 0.0, 0.16666666666666666, 0.39, 0.0, 0.24285714285714285, 0.5, 0.34107744107744103, 0.25833333333333336, 0.27499999999999997, 0.18, -0.3125, 0.37777777777777777, 0.14805194805194805, 0.3, 1.0, 0.0, 0.2, 0.5249999999999999, 0.0, 0.8, 0.2, 0.2, 0.2, 0.1406060606060606, 0.0, 0.0, 0.6000000000000001, -0.04999999999999996, 0.0, 0.08333333333333333, 0.6, -0.05, 0.0, 0.2, 0.8, 0.43333333333333335, -0.2916666666666667, 0.8, 0.7, 0.8, 0.5, 0.0, 0.22777777777777777, 0.1613756613756614, 0.1406060606060606, -0.07407407407407406, 0.0, 0.5971428571428572, 0.0, 0.7, 0.012499999999999997, 0.2, 0.20666666666666667, 0.0, 0.0, 0.0, 0.5, 0.0, 0.023232323232323215, 0.2, 0.0, -0.0625, -0.11000000000000001, 0.04545454545454545, -0.2, 0.03392857142857143, 0.0, 0.0, 0.8, 0.0, 0.0, 0.0384817563388992, 0.33749999999999997, 0.8, -0.07777777777777779, 0.8, 0.65, 0.23809523809523808, 0.0, 0.2075, -0.3175, 0.3952380952380952, 0.1, 0.15285714285714286, -0.06041666666666669, 0.0, 0.7, 0.0, 0.0, 0.0, 0.5, -0.15, 0.2, 0.0, -0.3125, 0.13854166666666667]
['QWNPOPdSPJc', 0.25, 0.21428571428571427, 0.08409090909090909, 0.0, -0.16666666666666666, 0.5, -0.08333333333333333, 0.25, -0.11979166666666666, 0.0]
['967GkIZJrBg', -0.1371031746031746, 0.5833333333333334, 0.21212121212121213, 0.1, 0.19166666666666665, -0.1, 0.22000000000000003, 0.8, 0.3, 0.1, 0.22142857142857142, 0.2, 0.3833333333333333, 0.0, 0.7, 0.30476190476190473, 1.0, 0.07738095238095238, -0.05, 0.0, 0.7, 0.5, 0.8, 0.6666666666666666, 0.2, 0.1, 0.0, 0.0, 0.0, 0.0, 0.7, 0.19999999999999998, -0.1, 0.0, -0.046666666666666676, -0.375, 0.0, 0.14149350649350648, 0.18888888888888886, 0.0, 0.0, 0.5, 0.0, 0.375, 0.7, 0.4, 0.0, 0.5, 0.0, 0.3837662337662338, 0.2, 0.16666666666666666, 0.1, 0.0, 0.15000000000000002, 0.0, 0.0, 0.0, 0.0, 0.2, 0.2857142857142857, 0.0, 0.0, 0.0, 0.0, 0.5, 0.0, 0.0, 0.1333333333333333, 0.1, 0.18214285714285713, 0.1, 0.1, 0.1, 0.4809523809523809, 0.0, 0.0, -0.275, 0.0]
['vmqell13vz8', 0.0, 0.475, 0.05, 0.10535714285714286, 0.8, 0.45714285714285713, 0.8, 0.8, 0.5, 0.25, 0.0, 0.8, 0.0, 0.32857142857142857, 0.0, 0.0, 0.0, 0.0, 0.2]
['RHosE_urbek', 0.3333333333333333, 0.13538961038961037, 0.020000000000000007, 0.12999999999999998, 1.0, 0.2666666666666666, 0.0, 0.21212121212121213, 0.10714285714285714, 0.16444444444444442, 0.0, 0.5, 0.0, 0.004166666666666652, 0.24404761904761904, 0.0, 0.39166666666666666, 0.2, 0.2, 0.0, 0.0, 0.0, 0.0, 0.0, 0.3333333333333333, 0.36818181818181817, 0.5, 0.3714876033057852, 0.225, 0.5, 0.007142857142857131, -0.6999999999999998, 0.26666666666666666, 0.8, 0.0, 0.75, 0.0, 0.4166666666666667, 0.0, 0.0, 0.0, 0.0, 0.0, -0.16666666666666666, -0.5]
['wZ8VFXW7kZo', 0.15527777777777776, 0.5599999999999999, 0.0, 0.375, 0.5, 0.7000000000000001, 0.2277777777777778, 0.5, 0.20000000000000004, -0.09393939393939393, 0.6000000000000001, 0.625, 0.5, 0.29523809523809524, 0.06300505050505052, 0.6, 0.0, 0.43333333333333335, 0.5, 0.5, 0.20714285714285713, -0.3138888888888889, 0.3571428571428571, 0.0, 0.2698412698412698, 0.3, 0.25, 0.4, 0.2, 0.75, 0.0, 0.65, 0.273015873015873, 0.25, 0.175, 0.125, 0.0, 0.1708333333333333, 1.0, 0.22128427128427128, 0.2, 0.425, 0.1875, 0.0, 0.31124999999999997, -0.5, 0.0, 0.0, 0.14, 0.26666666666666666, 0.0, 0.13636363636363635, 0.0, 0.0, 0.06666666666666667, 0.010416666666666657, 0.0, 0.35119047619047616, 0.0, 0.1, -0.5499999999999999, 0.1619047619047619, 0.2857142857142857, -0.005654761904761912]
['E_ApGf6fSCU', 0.1495767195767196, 0.00208333333333334, 0.5, -0.09047619047619047, 0.0, 0.3571428571428571, 0.3, 0.11357142857142856, 0.45, 0.0, 0.09047619047619046, 0.5, 0.0, 0.02314814814814815, 0.2611111111111111, 0.21666666666666665, 0.0, 0.11666666666666665, 0.2615384615384615, 0.0, 0.5375, 0.19642857142857142, 0.11666666666666665, 0.08666666666666667, 0.09722222222222221, 0.0, 0.0, 0.0, 0.0, 0.0, 0.15416666666666667, 0.26249999999999996, 0.26666666666666666, 0.0, 0.0, 0.0675, 0.0, 0.0, 0.0, 0.5, 0.26666666666666666, 0.19958333333333336, 0.0732142857142857, 0.08333333333333334, -0.011772486772486775, 0.2464285714285714, 0.1357142857142857, 0.32708333333333334, 0.25, -0.033333333333333354, -0.253125, 0.16944444444444443, 0.07750000000000001, 0.0, 0.042857142857142864, -0.13080357142857144, 0.8, 0.11666666666666665, 0.12249999999999998, 0.0, 0.0, -0.5, 0.0, 0.8, -0.2916666666666667, 0.25, 0.08, 0.08, 0.0, 0.0, 0.11904761904761905, 0.35833333333333334, -0.03999999999999997, -0.025, 0.0, 0.0, 0.2, 0.0, 0.0, -0.09999999999999999, 0.0, -0.35000000000000003, 0.35, -0.013095238095238049, 0.0, -0.04965986394557824, -0.07, 0.1465909090909091, 0.0, 0.0, 0.15336868686868688, 0.6, 0.2]
['_-8n69FZ4Q4', 0.30000000000000004, 0.0, 0.25, 0.2, 0.3, 0.15380952380952384, 1.0, 0.21090909090909088, 0.15612244897959188, 0.325, -0.033333333333333326, 0.4, 0.4035714285714286, 0.16666666666666666, 0.0, 0.0690909090909091, 0.5666666666666667, 0.7333333333333334, 0.275, 0.2, -0.023750000000000007, -0.021428571428571425, 0.2, 0.0, 0.125, 0.175, -0.02840909090909091, 0.0, 0.3333333333333333, 0.2, 0.09212121212121213, 0.017592592592592597, 0.02729978354978355, -0.08680555555555554, 0.1875, 0.25, 0.07777777777777778, 0.8, -0.0375, 0.5, 0.25, 0.0, 0.8, 0.0, 0.1, 0.17619047619047618, 0.1869047619047619, 0.19999999999999998, 0.3, -0.10000000000000002, 0.5, 0.32714285714285707, -0.3, 0.0, 0.10000000000000002, 0.18959790209790212, 0.13333333333333336, 0.4, 0.11666666666666668, -0.2625, 0.20454545454545456, -0.23333333333333334, 0.055, 0.017142857142857126, -0.3, -0.16623376623376623, 0.75, 0.0, 0.09166666666666667, 0.0, -0.06287878787878788, 0.3, 0.2, 0.375, 0.0, -0.125, 0.0, -0.4, -0.3, 0.0, 0.7, 0.0, 0.0, 0.0, -0.125, 0.0, 0.22142857142857142, 0.18333333333333332]
['vwZYLpQpoRM', 0.4, 1.0, 0.5666666666666667, 0.2361111111111111, 0.5666666666666667, 0.4, 0.55, 0.75, 0.39999999999999997, 0.8, 0.0, 0.21999999999999997, 0.5, 0.42500000000000004, -0.1, 0.0, 0.25, 0.25, 0.42500000000000004, 0.8, 0.3, 0.0, 0.0, 0.5, 0.5, 0.0, 0.0, 0.43333333333333335, 0.0, 0.0, 0.0, 0.5, 0.125, 0.75, 0.18, 0.5333333333333333, 0.3, 0.8, 0.0, 0.15000000000000002, 0.0, -0.6, 0.6000000000000001, 0.2, 0.26666666666666666, 0.0, 0.0, -0.15, 0.5, 0.45, 0.25, 0.2, 0.19545454545454544, 0.0, 0.45, 0.5, 0.0, 0.7, 0.5, 0.0, 0.0, 0.65, 0.0, 0.0, 0.4, 0.0, 0.325, 0.0, 0.0, 0.0, 0.14375000000000002, 0.0, 0.0, 0.7000000000000001, 0.7, 0.0, 0.7, 0.5, 0.35000000000000003, 0.65, 0.0, 0.45535714285714285, 0.10238095238095239, 0.1, 0.3, 0.25, 0.0, 0.0, 0.0, 0.0, 0.0, 0.5, 0.0, 0.34545454545454546, 0.07575757575757576, -0.14791666666666667, 0.6000000000000001, 0.0, 0.4]
['I0G28BxwIv4', 0.13333333333333333, 0.15000000000000002, 0.5, 1.0, 0.3458333333333333, 0.0, 0.5, 0.20714285714285713, 0.03333333333333335, 0.14375, 0.0, 0.0, 0.0, 0.7, 0.004166666666666652, 0.5, -0.2333333333333333]
['0-iXhlpN0pg', -0.5, 0.0, 0.2, -0.35, 0.0, 0.13636363636363635, 0.019285714285714288, 0.2980952380952381, 0.1, 0.22000000000000003, 0.053968253968253964, 0.39642857142857146, -0.08888888888888884, 0.3333333333333333, 0.2, 0.5, 0.03333333333333334, 0.1304040404040404, 0.10416666666666666, -0.026388888888888868, -0.0736904761904762, -0.04999999999999999, 0.0, -0.04999999999999999, 0.2, 0.4, 0.375, 0.0, 0.19374999999999998, 0.8, 0.1, 0.25, 0.0, -0.020833333333333343, 0.0, 0.175, 0.2625, 0.3666666666666667, -0.3333333333333333, 0.0, 0.0, 0.09772727272727273, 0.5, -0.08749999999999998, 0.0, 0.07261904761904761, -0.5, 0.7, 0.35, 0.0, -0.5, 0.2, 0.5333333333333333, 0.0, 0.04812925170068027, 0.0, -0.03482142857142857, 0.0, 0.11666666666666668, -0.26666666666666666, -0.2, 0.09999999999999999, 0.0, 0.11212121212121212, 1.0, 0.0, 0.20555555555555557, 0.7, 0.0, 0.0, -0.3499999999999999, 0.0, -0.06666666666666667, 0.0, -0.3499999999999999, 0.0, 0.25, 0.0, 0.8, 0.0, -0.24999999999999992, 0.0, -0.08333333333333333]
['d-OG67kzYwo', 0.0, -0.5, 0.30000000000000004, 0.5, 0.25833333333333336, 0.0, -0.07851851851851852, 0.39999999999999997, 0.44999999999999996, 0.049999999999999996, -0.15, 0.8, 0.0, 0.8, 0.15, 0.65, 0.0, 0.0, 1.0, 0.25, 0.8, 0.30833333333333335, 0.0, 0.1, 0.25, 0.0, 0.8, -0.03958333333333334, 0.0, 0.2, 0.19, 0.05714285714285714, -0.12916666666666665, 0.1, 0.9, 0.0066666666666666706, 0.05, -0.125, -0.16916666666666663, 0.0, 0.0, 0.8, 0.23333333333333336, 0.059999999999999984, 0.0, -0.2916666666666667, 0.0, 0.3, 0.0, 0.00873015873015873, 0.0, 0.8, -0.15, 0.8, 0.08452380952380951, 0.0, 0.16666666666666666, -0.07142857142857142, 0.0, -0.05, 0.46875, -0.07142857142857142, 0.0, 0.1, 0.0, 0.5, 0.0, 0.5, 0.0, 0.0888888888888889, 0.0, 0.2, 0.25, 0.48750000000000004, 0.3444444444444444, -0.04583333333333334, 0.1285416666666667, 0.3333333333333333, -0.010714285714285721, 0.45, 0.0, 0.0, 0.2857142857142857, 0.0, 0.3333333333333333, 0.7, 0.15000000000000002, 0.325]
['phTxVJYL3jw', 0.02291666666666667, -0.05357142857142856, 0.1407828282828283, 0.45138888888888884, 0.18425925925925926, -0.04621212121212121, 0.0, -0.12777777777777774, 0.11190476190476191, -0.25, 0.0666666666666667, 0.35, 0.8, 0.32222222222222224, 0.7, 0.08446969696969697, 0.30000000000000004, 0.0, 0.25, 0.030000000000000006, 0.1136904761904762, 0.050340136054421766, 0.0, -0.12250000000000001, 0.0, 0.0, 0.0, 0.0, 0.0, 0.5428571428571429, 0.0, 0.5166666666666666, 0.0, 0.11212121212121212, -0.25, 0.0, 0.2, 0.0, 0.0, 0.8, 0.0, 0.0]
['0c7rX0soJew', 0.11547619047619048, 0.0, -0.1, 0.1925, 0.16666666666666666, 0.2, 0.3, 0.0, 0.8, -0.09375, 0.26666666666666666, 0.11000000000000001, 0.3, 0.8, 0.1520408163265306, 0.4083333333333333, 0.01863636363636365, 0.2, 0.5, 0.0, 0.14393939393939392, -0.8, 0.23863636363636362, -0.033333333333333326, 0.0, 0.0, 0.0, 0.0, 0.8, 0.15000000000000002, 0.140625, 0.2857142857142857, -0.3125, 0.0, 0.0, 0.16666666666666666, 0.0, 0.18333333333333335, 0.4, 0.0, 0.0, 0.8, 0.08116883116883118, 0.0, 0.0, 0.2539393939393939, 0.0, -0.03333333333333336, 0.0, 0.22857142857142856, 0.35, 0.0, -0.25, 0.0, 0.25, 0.0, -0.16666666666666666, 0.23727678571428568, 0.0, 0.0, 0.6, 0.13636363636363635, 0.2857142857142857, 0.17500000000000002, 0.0, -0.05, 0.0, 0.0, 0.8, 0.4166666666666667]
['WSuKfD3A2Xg', 0.0, 0.7333333333333334, 0.06233766233766234, 0.29, 0.8, 0.8, 0.11363636363636363, 0.8, 0.13727272727272727, 0.0, 0.39999999999999997, 0.3666666666666667, 0.2142857142857143, 0.0, 0.0, 0.22857142857142856, -0.5, 0.25, 0.0, 0.06818181818181818, 0.45, 0.7, 0.0, -0.7999999999999999, 0.0]
['2Rm7q6tm1Us', 1.0, 0.26666666666666666, -0.05, 0.3944444444444444, 0.0, 0.0, 0.55, 0.3, 0.175, 0.5, 0.0, 0.8, 0.8, 0.0, 0.55, 0.0, 0.425, 0.35, 0.8, 0.0, 0.0, 0.0, 0.375, 0.0, 0.0, -0.5, 0.0, 0.0, 0.2, 0.0, 0.0, 0.0, 0.05, 0.35, 0.2, 0.0, 0.29, -0.2, 0.0, 0.2, 0.0, -0.075, -0.3458333333333333, 0.0, 0.0, 0.8, 0.2333333333333333]
['JuoxVRLFwRA', 0.125, 0.5333333333333333, 0.07072072072072073, 0.8, 0.4666666666666666, 0.23116883116883116, 0.25, 0.09333333333333332, 0.6, 0.38878787878787885, 0.0, 0.0, -0.6999999999999998, 0.0, 0.31428571428571433, 0.1]
['IjXjnkffBKM', 0.16, 0.25281385281385277, 0.32500000000000007, 0.125, -1.850371707708594e-17, 0.14207251082251082, 0.004761904761904763, 0.2857142857142857, 0.6, -0.09123376623376624, 0.1116774891774892, 0.11205357142857143, 0.7, 1.0, -0.028000000000000008, 0.0, 0.0, 0.1247727272727273, -0.2333333333333333, 0.04916666666666667, -0.4, 0.6166666666666667, 0.8, 0.6, 0.0, -0.15, 0.0, -0.006999999999999995, 0.0685, 0.0, -0.5, 0.0, 0.0, 0.0, -0.36, -0.4, 0.0]
['xSrH3KG5u4k', 0.0, 0.43333333333333335, 0.3500000000000001, 0.11119047619047617, 0.0, 0.2, 0.0, 0.15, 0.0, 0.2, 0.7, 0.18, 0.17333333333333334, 0.0, 0.0, 0.02500000000000001, 0.2, 0.0, -0.2, 0.0, 0.0, 0.24545454545454545, 0.0, 0.5, -0.125, -0.5, 0.0, -0.1, 0.0, 0.13636363636363635, -0.025727272727272727, 0.0, -0.19583333333333336, -0.12000000000000002, 0.2857142857142857, 0.4166666666666667, 0.0, -0.02121212121212121, 0.8, 0.0, 0.1, -0.34375, -0.3, 0.2, 0.18472222222222223, 0.0, 0.1, 0.0, 0.0, 0.19545454545454546, 0.5249999999999999, 0.0, 0.0, 0.65]
['ywOgnny5rtY', 0.0, -0.3145833333333333, 0.1621212121212121, 0.17272727272727273, 0.05000000000000001, 0.2, 0.175, 0.19687500000000002, 0.16666666666666666, 0.55, 0.6000000000000001, 0.16666666666666666, 0.11458333333333333, 0.0, 0.0, 0.8, 0.2679597701149426, 1.0, 0.5, 0.0, 0.11666666666666665, 0.3, 0.0, 0.25, 0.1, 0.5, 0.4, 0.0, -0.15000000000000002, 0.0, 0.2, -0.1666666666666666, 0.0, 0.15, 0.07297979797979798, 0.33, -0.23452380952380952, -0.14285714285714285, 0.2857142857142857, 0.0, 0.03333333333333333, -0.03060606060606062, 0.4, 0.15333333333333332, 0.0]
['TiEWeKFOgwA', 0.16666666666666666, 0.1764090909090909, 0.12173520923520924, 0.24375, 0.0, 0.4, 0.35, 0.2340909090909091, 0.25, 0.75, 0.4, 0.0, 0.1772727272727273, 0.5, 0.35, 0.4, -0.038888888888888896, 0.19791666666666666, 0.1, -0.06916666666666667, 0.2, -0.5, 0.7, 0.5666666666666667, 0.2, 0.0, 0.4, 0.4666666666666666, 0.0, 0.8, 0.06818181818181818, 0.0, 0.25, 0.0, 0.017992424242424233, 0.26595238095238094, 0.08333333333333333]
['hgbR_2woc2Y', 0.0, 0.5, 0.2866666666666667, 0.5333333333333333, 0.4055555555555556, 0.5666666666666667, 0.025000000000000005, 0.2, 0.2347222222222222, 0.0, 0.2333333333333333, 0.06666666666666665, 0.5, 0.4, 0.0, 0.5083333333333333, 0.7, 0.2, 0.3333333333333333, 0.4, 0.0, 0.0, 0.5, 0.25, 0.0, 0.0, 0.6083333333333334, 0.12857142857142856, 0.0, 1.0, 0.28611111111111104, 0.7, 0.8, 0.8, 0.045, 0.0, 0.1742857142857143, 0.8, 0.0, 0.8, 0.5, 0.1, 0.0, 0.30625, 0.09687500000000002, 1.0, 0.0, 0.0, 0.024999999999999994, 0.2833333333333333, 0.0, 0.0, 0.0, 0.0, 0.0, 0.5, 0.0, 0.0, 0.0, 0.15000000000000002, 0.0]
['-DSOfGzJ4OQ', 0.28354978354978355, 0.5333333333333333, 0.0, 0.6, 0.36948051948051946, 0.002777777777777768, 0.4, 0.3, -0.021428571428571415, 0.10727272727272727, 0.11782106782106783, -0.125, 0.16323051948051948, 0.0, 0.0, 0.35, 0.15, 0.3, 0.035416666666666666, 0.2857142857142857, 0.0, -0.02, 0.375, 0.0, 0.037777777777777785, 0.1, 0.4, 0.6666666666666666, 0.7, 0.16666666666666666, -0.0888888888888889, 0.25771428571428573]
['g-cCq14M-2c', -0.2, 0.13666666666666666, -0.3888888888888889, 0.1777777777777778, 0.39999999999999997, 0.025, 0.6000000000000001, 0.2866666666666667, 0.10557260920897284, 0.1775, 0.3121212121212121, 0.48285714285714293, 0.32222222222222224, 0.8, 0.4, 0.0, 0.32499999999999996, 0.5, 0.09242424242424244, 0.26999999999999996, 0.7, 0.0, 0.2272727272727273, 0.0, -0.049999999999999996, 0.15, 0.175, 0.0, 0.21103896103896103, 0.5333333333333333, 0.0, 0.4, 0.8, 0.0, 0.0, 0.8, 0.3333333333333333, 0.18712121212121216, 0.0892857142857143, 0.8, -0.007499999999999956, -0.2, 0.13874999999999998, 0.4, 0.0, 0.1, 0.15, 0.125, 0.55, 0.2828571428571428, 0.05000000000000002, -0.1688311688311688, 0.8, 0.0, -0.5, 0.2, 0.7, 0.0, 0.0, 0.0, 0.5]
['h9oGb5zrCRQ', 0.35, 0.2486111111111111, 0.43333333333333335, 0.4476190476190477, 0.3, 0.034226190476190466, 0.9, 0.10606060606060604, 0.04693877551020409, 0.2, 0.0, -0.125, 0.06666666666666665, 0.03299319727891156, 0.5833333333333334, 0.0, -0.06666666666666665, 0.175, 0.24603174603174605, 0.0, 0.19999999999999998, 0.09383838383838383, 0.05, 0.0, -0.07500000000000001, 0.125, 0.013888888888888895, 0.35, 0.5499999999999999, 0.0, -0.1, 0.15416666666666667, 0.3, 0.0, 0.3472727272727273, 0.05, 0.8, 0.5, -0.33055555555555555, -0.049999999999999975, 0.05000000000000001, 0.0, 0.0, 0.5, 0.0, 0.0, 0.45, 0.0, -0.6999999999999998, 0.07500000000000001, 0.0]
['c6pwouGBRpM', 0.5, 0.6000000000000001, 0.7, 0.22000000000000003, 0.1395021645021645, 0.8, 0.05, 0.2, 0.48000000000000004, 0.1, -0.06666666666666667, 0.1431972789115646, 0.0, 0.75, 0.0, 0.0, 0.0, 0.0, 0.0, 0.12916666666666668, 0.2, 0.16666666666666666, 0.27222222222222225, 0.0, -0.2, 0.0, 0.0, 0.2971428571428571, 0.17142857142857143, 0.0, 0.0, 0.0, 0.0]
['Orszg4lG608', 0.044642857142857144, 0.27, -0.2222222222222222, 0.12108585858585859, 0.375, 0.4, 0.5, 0.20238095238095236, 0.5, 0.45, 0.2785714285714286, 0.20999999999999996, 0.5833333333333334, 0.3433333333333333, 0.10000000000000002, 0.5333333333333333, 0.27499999999999997, 0.125, 0.7, 0.4, 0.8, 0.0, 1.0, 0.19545454545454546, 0.02525252525252525, 0.0, 0.5, 0.09000000000000001, -0.018750000000000003, 0.18439153439153438, 0.75, 0.0, 0.65, -0.2, 0.55, 0.3333333333333333, 0.0, 0.5, 0.0, 0.22285714285714286, 0.2, 0.8, 0.0, 0.8, 0.0175, 0.35714285714285715, 0.0, 0.25833333333333336, 0.020089285714285712, 0.0, 0.0, 0.175, 0.4, 0.25, 0.0, 0.6, 0.13636363636363635, 0.39166666666666666, 0.41212121212121217, -0.25, 0.5, 0.2857142857142857, -0.08333333333333333, 0.0, -0.05, 0.0, -0.07777777777777779, 0.0, 0.625, 0.2, 0.0, 0.21428571428571427, 0.05, 0.5428571428571429, 0.8, 0.14293650793650794, 0.0, 0.0, -0.05, 0.0, 0.35, 0.0, 0.7, -0.053125, 0.7, 0.0, 0.0, 0.0, -0.3, 0.2, 0.0, 0.0, 0.39999999999999997, 0.2, 0.0, 0.2, 0.2333333333333333, 0.1, -0.35714285714285715]
['YqZ1FW93ayY', -0.1714285714285714, -0.04045454545454545, 0.26000000000000006, 0.0625, 0.0, 0.7, 0.05, 0.3500000000000001, 0.24659090909090908, 0.06857142857142857, 0.6000000000000001, 0.8, 0.21428571428571427, -0.15, 0.1787878787878788, 0.0, 0.0, 0.13680555555555554, 0.0, 0.0, 0.0, 0.39999999999999997, -0.04999999999999999, 0.25, -0.03787878787878788, -0.21250000000000002, 0.16666666666666666, 0.2857142857142857, 0.35, 0.0, -0.125, 0.04545454545454545, 0.1, 0.9, 0.0, 0.0, 0.8, 0.04545454545454545, 0.0, 0.35000000000000003, -0.15555555555555559, -0.13333333333333333, 0.45, 0.0, 0.0, 0.7, 0.38, 0.0, 1.0, -0.26666666666666666, 0.0, 0.0, 0.0, 0.0, 0.0, 0.022222222222222213, 0.0, 0.4, 0.0, -0.3125, 0.0, 0.22499999999999998, 0.0, 0.0, -0.16333333333333333, 0.7, 0.1891053391053391, 0.8, -0.8, 0.7, 0.0, 0.19285714285714284, 0.0, 0.0, 0.0, 0.0, -0.40625, 0.6000000000000001, 0.4, 1.0, 0.45, 0.25, 0.18, 0.0, 0.0]
['AoNE1dhNEF8', 0.475, 0.13541666666666666, 0.25, 0.55, 0.24, 0.3666666666666667, 0.06666666666666665, 1.0, 0.7, -0.16, 0.8, 0.7, 0.6000000000000001, 0.09375, 0.7, 0.0, 0.3, 0.0, -0.12499999999999996, 0.6000000000000001, 0.2625, 0.4, 0.3819444444444444, 0.19999999999999998, 0.31875, 0.0, 0.0, 0.0, 0.246875, 0.0, 0.0, 0.0, 0.0, 0.10208333333333333, 0.05619047619047619, -0.5, 0.11000000000000001, 0.05, 0.0, 0.0, 0.0]
['wHk7eEyw0SM', 0.39659090909090905, 0.0, 0.058387445887445884, 0.2333333333333333, 0.3428571428571429, 0.30288461538461536, 0.6000000000000001, 0.12187499999999998, 0.20121482683982683, 0.21250000000000002, 0.3, 0.09375, 0.18125, 0.175, 0.5666666666666667, 0.13333333333333333, 0.4, 0.7000000000000001, 0.6666666666666666, 0.12857142857142856, 0.41818181818181815, 0.43333333333333335, 0.39, 0.0, 0.0, 0.3, 0.1, 1.0, 0.5249999999999999, 0.5275, 0.5, 0.575, 0.0, 0.55, 0.39523809523809533, 0.8, 0.8, 0.2571428571428571, 0.0, 0.5, 0.8, 0.1, -0.14583333333333334, 0.25, 0.8, 0.0, 0.13999999999999999, 0.2, 0.0, 0.0, 0.5, 0.6, 0.2, 0.05, 0.25, 0.3854978354978355, 0.0, 0.8, 0.12424242424242422, 0.12708333333333333, 0.0, -0.35, 0.8, 0.0, 0.3583333333333334, 0.2, 0.15500000000000003, 0.5900000000000001, 0.25, 0.4, 0.0, 0.42291666666666666, 0.375, 0.75, 0.7, 0.15000000000000002, 0.0, 0.3333333333333333, 0.25, -0.25, 0.1, -0.13333333333333333, 0.1, 0.4666666666666666, -0.2, 0.4, 0.0, -0.8, -0.1, -0.5, -0.27708333333333335, 0.0, 0.0, 0.0, -0.525, 0.4000000000000001, 0.20634920634920637, 0.2]
['rfqu8x8JBJM', 0.0, -0.04166666666666668, -0.060227272727272727, 0.4454545454545455, 0.4047619047619048, 0.0, 0.10666666666666666, 0.0, 0.0, 0.2, -0.25, 0.0, -0.15555555555555559, 0.0, 0.18831168831168832, -0.24999999999999992, 0.20714285714285713, 0.0, -0.175, -0.075, -0.06666666666666667]
['_rOB2L5agjE', 0.0, 0.16666666666666666, 0.405952380952381, 0.5, 0.4318181818181819, 0.5499999999999999, 0.26666666666666666, 0.5, 0.2, 0.39999999999999997, 0.3311111111111111, 0.1, 0.0, 0.6000000000000001, 0.0, 0.20000000000000004, 0.0, 0.8, 0.25, 0.8, 0.0, 0.0, 0.14444444444444446, -0.7142857142857143, 0.0, 0.0]
['bf0ahMuVD-Q', 0.07500000000000001, 0.11666666666666665, 0.2833333333333333, 0.4444444444444445, -0.08599999999999997, 0.4, -0.175, -0.11363636363636362, 0.0, 0.0, 0.3, 0.43, 0.0, 0.3477272727272727, 0.6, 0.8, 0.4, 0.2, 0.65, 0.0, 0.25, 0.3028571428571428, 0.0]
['jG9pkHSLIlY', 0.0023809523809523816, 0.0, 0.4666666666666667, 0.43333333333333335, 0.15454545454545454, 0.371590909090909, 0.0, 0.0, 0.4, 0.24238636363636362, 0.6, 0.8, 0.0, 0.25, 0.0, 1.0, 0.0, 0.7, 0.16818181818181818, 0.3181818181818182, 0.0, 0.08166666666666667, 0.17857142857142858, 0.34545454545454546, 0.037500000000000006, -0.05, -0.05, 0.06818181818181818, 0.8, 0.0, 0.16859066859066857, 0.5, 0.0, 0.2, 0.45, -0.6666666666666666, 0.3666666666666667, 0.0, -0.2, 0.0, 0.0062500000000000056, 0.48, 0.0, -0.02867063492063493, 0.0, 0.0, 0.20227272727272727, 0.125, -0.04166666666666668, 0.0, 0.0, 0.7, 0.0, -0.14285714285714285, 0.0, -0.05454545454545454, 0.0, -0.3, 0.07142857142857142, 0.2909090909090909, 0.03333333333333335, 0.0, -0.1, 0.0, 0.2, 0.0, 0.0, 0.0, 0.0, 0.0, 0.0, 0.0, 0.0, 0.4, 0.0, 0.0, 0.0, 0.0, 0.25, -0.08333333333333333, 0.16, -0.02194444444444445, 0.0, -0.5, -0.25, -0.08272727272727272, 0.23333333333333336, 0.22777777777777777]
['Eklq6ximjI0', 0.0549034299034299, 0.6785714285714286, 0.16805555555555554, 0.2261904761904762, 0.5, 0.11666666666666667, 0.20372474747474745, 0.0, 0.10833333333333331, 0.174, 0.15925925925925927, 0.0, 0.8, 0.0, 0.8, 0.23499999999999996, 0.0, 0.25, 0.8, 0.14583333333333334, 0.0, 0.0, -0.5, 0.5, 0.8, 0.0, 0.15773809523809523, 0.0, 0.0, 1.0, -0.11249999999999999, 0.125, -0.010833333333333334, 0.0, -0.2916666666666667, 0.20000000000000004, 0.0, 0.125, 0.0, 0.0, 0.43333333333333335, 0.0, 0.12619047619047621, 0.0, 0.08928571428571429, 0.01785714285714285, 0.35, 0.14375, -0.175, 0.2, 0.5, -0.23333333333333328, 0.0, 0.004166666666666652, -0.1, 0.0, -0.14666666666666667, 0.0, 0.3, 0.00416666666666667, 0.14523809523809522, 0.0, 0.0, -0.5, 0.0, 0.4666666666666666, 0.0, 0.0, 0.0, -0.08499999999999999, 0.43333333333333335, 0.0, 0.0, 0.0, -0.044444444444444446, 0.0, 0.0, 0.7, -0.3333333333333333, 0.11904761904761905, 0.0, -0.07142857142857142, 0.05, 0.35, -0.15, 0.16666666666666666, -0.09999999999999992, 0.0, 0.0, 0.225, 0.0, 0.13333333333333336, -0.5, 0.0, 0.0, -0.7999999999999998, 0.7, 0.2, 0.7, -0.1]
['zLCpN2jEcuU', -0.175, 0.1375, 0.7, 0.1261698618841476, 0.0, 0.0, 0.14444444444444446, 0.1611111111111111, -0.25, 0.011904761904761899, 0.075, -0.03606060606060606, 0.11666666666666668, 0.75, 0.0, 0.0, -0.06773809523809524, 0.8, 0.31999999999999995, 0.5, 0.225, 0.2, 0.0, 0.0, -0.009999999999999998, 0.0, 0.2857142857142857, 0.07285714285714287, 0.16666666666666666, -0.15972222222222224, 0.0, 0.0, 0.0, 0.0, 0.35, -0.4, 0.0, -0.5, 0.15625, 0.15714285714285714, 0.10214285714285713, 0.0, -0.16666666666666666, 0.0, 0.08333333333333333, 0.08366228070175437, 0.0, 0.3901785714285714, 0.44999999999999996, 0.1, 0.19642857142857142, 0.25, 0.2, 0.4, 0.375, 0.0, 0.34375, 0.0, 0.24791666666666665, 0.2, 0.2, 0.125, 1.0, 0.4, 0.0, 0.1, 0.03125, -0.2, 0.19583333333333333, 0.16547619047619047, 0.26805555555555555, 0.015833333333333328, -0.1479166666666667, 0.5, -0.06904761904761904, 0.0, 0.0, 0.0, 0.2, 0.0, 0.025000000000000005, 0.0, 0.23966942148760328, -0.11281250000000001, 0.1619047619047619, 0.04814814814814815, 0.0, -0.13333333333333333, 0.0, 0.425, -0.5, 0.4666666666666666, 0.2916666666666667, -0.06999999999999999, -0.5, 0.6000000000000001, 0.0, 0.0, 0.35, 0.0]
['dfcKNck7_4E', 0.18303571428571427, 0.0, 0.3020833333333333, 0.21285714285714286, 0.0, 0.0, 0.42857142857142855, 0.4, -0.14285714285714285, -0.09375, -0.275, 0.08636363636363635, 0.25, 0.7, 0.65, 0.4, 0.18333333333333332, 0.8, 0.3, 0.2590909090909091, 0.2857142857142857, 0.0, -0.25, 0.0, 0.0, 0.13636363636363635, 0.2, 0.08, 0.25, -0.07142857142857142, 0.2578125, 0.24074074074074073, 0.0, -0.4, 0.0, 0.0, 0.0, 0.0, -0.07857142857142858, 0.0, 0.0, 0.0, 0.525, -0.11666666666666665, 0.0, 0.0, 0.019772727272727275, 0.0, -0.30000000000000004, 0.35, 0.0, 0.0, 0.0, 0.125, -0.4, -0.015000000000000003, 0.3, 0.0, 0.18690476190476188, 0.04652777777777778, 0.21714285714285714, 0.16666666666666666, 0.0, 0.0, 0.05, 0.0]
['9J43urWJ6to', 0.2, 0.3, 0.11666666666666668, -0.022857142857142854, 0.425, 0.39999999999999997, 0.75, 0.3181818181818182, 0.55, 0.5, 0.2, 0.0, 0.5, 0.6333333333333333, 0.8, 0.5111111111111111, 0.5, -0.4, 0.0, -0.6, -0.038690476190476206, 0.0, 0.8, -0.025000000000000005, 0.5, 0.0, 0.0, 0.0, 0.2, 0.8, 0.375, 0.0, 0.4, 0.6, -0.6999999999999998, -0.09848484848484848, 0.19642857142857145, 0.0, 0.0, 0.0, 0.16874999999999998, 0.5, 0.65, 0.0, 0.0, -0.25, 0.0, 0.13636363636363635, 0.0, 0.44666666666666666, 0.8, 0.08057851239669422, 0.8, -0.05714285714285716, 0.0, 0.0, 0.0]
['19suVBsz9sE', 0.2805555555555556, 0.8, 0.26666666666666666, 0.8, 0.8, 0.02500000000000001, 0.0, -0.1, -0.05673076923076923, 0.0, 0.4125, -0.10969696969696974, 0.2, 0.2, 1.0, 0.1, -0.1523809523809524, 0.3, 0.0, -0.1875, 0.35833333333333334, 0.8, 0.0, 0.0, 0.0, -0.4, 0.75, 0.7, 0.0, 0.2, 0.6000000000000001]
['aAivg1GFqoA', 0.5, -0.21249999999999997, 0.55, 0.3, 0.0, 0.8, 0.5, 0.65, 0.39, 0.4, 0.7, 0.625, 0.7666666666666666, 0.5, -0.08333333333333333, 0.0, 0.2, 0.8, 1.0, 0.16666666666666666, 0.0, 0.12857142857142856, 0.3, 0.8, 0.4, 1.0, 0.17500000000000002]
['a4tSqSO4-qQ', 0.32999999999999996, 0.30185185185185187, -0.2916666666666667, 0.29166666666666663, 0.13636363636363635, 0.06666666666666668, 0.35, 0.8, 0.0, 0.6, 0.0, 0.25, 0.0]
['PlUhwHoQqrQ', 0.10606060606060605, -0.028968253968253938, 0.0, 0.19166666666666665, 0.0625, -0.25, 0.125, 0.5, 0.225, 0.16060606060606059, 0.0, 0.0, -0.6666666666666666, 0.3758928571428572, 0.8, 0.0, 0.0, 0.2857142857142857, -0.6999999999999998, 0.22666666666666666, -0.175, 0.8, 0.6, -0.12000000000000001, 0.0, 0.0, 0.275, 0.5, -0.4166666666666667, 0.1, 0.31363636363636366, 0.375, 0.25, -0.25, 0.8, 0.0, 0.7, 0.0888888888888889, -0.8, 0.04545454545454545, 0.16, -0.012499999999999997, -0.5, 0.1, 0.0, 0.1, 0.8, 0.5, 0.0, -0.1, 0.275, -0.15, -1.0, -0.6999999999999998, 0.0, 0.0, 0.05, 0.0]
['abeB4FExQ1M', 0.4666666666666666, 0.22083333333333335, 0.0, 0.3, 0.0, -0.15, 0.0, 0.32666666666666666, 0.2166666666666667, 0.011111111111111118, 0.0, 0.06666666666666667, 0.16499999999999998, 0.0, 0.0, 0.051763668430335086, 0.0, 0.0]
['cNWgtgJrJ_0', -0.016666666666666666, -0.025, 0.0, 0.0, 0.0, 0.26, 0.0, 0.0, -0.09479166666666668, 0.8, 0.6000000000000001, 0.525, 0.8, 0.7, 0.5, 0.0, -0.3333333333333333, -0.11875, 0.1625, 0.028571428571428574, 0.25, 0.0, 0.0, -0.2, 0.35, 3.700743415417188e-17, 0.29090909090909095, -0.2, 0.0, 0.0, 0.0]
['sEeW9BggR7E', 0.6, 0.5499999999999999, 0.8400000000000001, 0.1, 0.58125, 0.8, 0.8, -0.07023809523809525, 0.0, 0.3666666666666667, 0.22499999999999998, 0.0, 0.0, 0.0, 0.1, 0.35, 0.35, 0.35, 0.2, 0.35, 0.2, 0.2, 0.5, 0.07218614718614719, 0.5, 0.2, 0.43333333333333335, 0.0, -0.23333333333333328, -0.8499999999999999]
['ZMxjA-lWUnw', 0.5666666666666668, 0.09659090909090909, 0.3, 0.3892857142857143, 0.17500000000000002, 0.0, 0.2, 0.8, 0.10320512820512821, 1.0, 0.20000000000000004, 0.4, -0.021875, 0.15075757575757576, 0.7, 0.125, 0.0, -0.4, 0.0, 0.0, 0.7, 0.0, 0.0, 0.0, 0.5181818181818182, -0.525, 0.0, 0.13636363636363635]
['HGREKx6i-pE', 0.20666666666666664, 0.034272727272727274, 0.34722222222222227, 0.4, 0.0, -0.13333333333333333, 0.16666666666666666, 0.3181818181818182, 0.15000000000000002, 0.4, -0.025000000000000022, 0.0, 0.5, 0.0, 0.25, 0.3, 0.0, 0.08974358974358976, 0.13636363636363635, 0.06865079365079364, 0.5, 0.8, 0.17500000000000002, 0.1, 0.17500000000000002, 0.24285714285714285, 0.0, -0.2, -0.25, 0.0, -1.0, -0.1, 0.0]
['rpSl6bXrqPo', 0.24285714285714285, 0.2287037037037037, 0.1, 0.75, 0.45416666666666666, -0.19285714285714284, 0.8, 0.1, 0.3571428571428571, 0.8, 0.25, 0.8, 0.5, 0.25, 0.004166666666666652, 0.3, 0.1, 0.5, -0.3125, 0.06666666666666667, 0.0, 0.8, 0.0, 0.0, 0.24285714285714285, 0.0, 0.12500000000000003, 0.18903061224489795, 0.25, 0.35, 0.8]
['uBAfQGcGxtU', 0.375, 0.65, -0.02142857142857143, 0.31666666666666665, 0.2619047619047619, 1.0, 0.5464285714285715, 0.0, 0.8, -0.019345238095238103, 0.19285714285714284, 0.24444444444444446, 0.5, -0.15285714285714283, 0.35, -0.09999999999999992, 0.65, 0.09672619047619047, 0.8, -0.0756628787878788, 0.5, 0.07125000000000001, 0.001515151515151511, 0.2, -0.23958333333333331, 0.4, 0.24285714285714288, 0.7, 0.04421487603305782, 0.125, -0.375, -0.25, 0.325, 0.25, -0.037500000000000006, 0.33194444444444443, 0.8, 0.4, 0.1875, 0.8, -0.09487179487179488, 0.5, 0.35, 0.0, 0.0, 0.0, 0.0, 0.0, 0.3916666666666666, 0.0, 0.10227272727272727, 0.5214285714285714, 0.0, 0.45, 0.0, 0.45, -0.1, 0.0, 0.19, 0.0, 0.25, -0.016666666666666677, 0.0, 0.2777777777777778, 0.0, 0.2, 0.0, 0.0, 0.8, -0.05, -0.03125, 0.2152597402597403, 0.2, 0.0, -0.5928571428571429, 0.0, 0.3017906336088154, 0.0, 0.13055555555555556, 0.0, 0.1263257575757576, 0.0, 0.0, 0.0, 0.3464285714285714, 0.0, -0.1875, 0.0, 0.09833333333333333, 0.75, 0.0, 0.05000000000000002, 0.10000000000000002, -0.07142857142857142, 0.43, -0.3305555555555555, 0.0, 0.2619047619047619, 0.0]
['_bYncXzRe4g', 0.575, 0.20333333333333334, 0.14285714285714285, 0.0, 0.40952380952380957, 0.0, 0.0, 0.0, 0.4]
['xc6OVW2z6es', 0.43333333333333335, 0.3166666666666667, 0.4444444444444444, 0.29659090909090907, 0.45, 0.1875, 0.0, 0.45499999999999996, 0.0, -0.06666666666666667, 0.24444444444444446, 0.0, 0.0, 0.21428571428571427, -0.12121212121212116, -0.35, 0.0, -0.4, 0.0, 0.4333333333333333, 0.0, 0.0, -0.049999999999999996, 0.4, 0.0, 0.33125, -0.11607142857142858, -0.13333333333333333, 0.0, 0.0]
['ifOTmf12uGw', 0.0, 0.34190476190476193, 0.35, 0.0, 0.8, 0.26545454545454544, 0.4, 0.0, 0.19999999999999998, 0.8, 0.8, 0.4, 0.0, 0.4, 0.015000000000000003, 1.0, 0.4, 0.0, 0.05833333333333331, 0.0, 0.0, 0.9, 0.0, 0.0, 0.0, 0.65, 0.0, 0.0, 0.8, 0.325, 0.2, 0.0, 0.20000000000000004, 0.2, 0.0, 0.4, 0.0, 0.25, 0.23125, -0.8, -0.2, 0.05000000000000002, 0.0, 0.0, 0.0, 0.0, -0.4, -0.25, -0.03333333333333333, 0.0, 0.0, 0.012500000000000006, 0.0, 0.15000000000000002, 0.5, 0.21547619047619046, 0.6000000000000001, 0.0, -0.025, -0.05833333333333333, 0.7, 0.05, 0.0, 0.25, 0.3, 0.0, 0.036111111111111115, 0.35000000000000003, 0.0, 0.5285714285714286, 0.0, 0.0, 0.0, 0.10729166666666667, 0.008333333333333345, 0.0, 0.2119047619047619, 0.0, 0.6, 0.2857142857142857, 0.4, 0.5, 0.0, 0.0, 0.0, 0.4, 0.0, -0.07142857142857142, 0.8, 0.06944444444444443, 0.0, 0.0, 0.0, 0.0, 0.0]
['iGAT6i1qE8g', 0.25560606060606056, 0.05208333333333333, 0.8, 0.3333333333333333, 0.203125, 1.0, -0.04583333333333334, 0.8, 0.625, 0.08125, 0.9, 0.4, 0.611111111111111, 0.5, 0.0, 0.3181818181818182, 0.0225, 0.8, 0.10000000000000002, 0.45, 0.6, 0.19285714285714284, 0.25, 0.5, 0.2857142857142857, 0.0, 0.0, 0.0, 0.3, -0.125, 0.2886363636363637, 0.5, 0.05000000000000001, 0.13636363636363635, 0.0, 0.8, 0.0, 0.25, 0.0, 0.0175, 0.0, 0.35, -0.125, -0.05, 0.2, 0.1, 0.0, 0.0, 0.0, 0.0, 0.0, 0.0, 0.0, 0.20909090909090908, 0.0, 0.7000000000000001, 0.0, 0.0, 0.34545454545454546, 0.8, 0.7, 0.5, 0.0, 0.13636363636363635, -0.26666666666666666, 0.6, -0.07916666666666666, 0.05000000000000001, 0.19999999999999998, 0.0, 0.15357142857142858, -0.2, 0.0, 0.4, 0.0, 0.13636363636363635, 0.0, 0.4, -0.5, 0.45, 0.0, -0.28181818181818175, -1.0, 0.0, 0.0, -0.125, 0.03409090909090909, 0.0, 0.0]
['VOM-e_lTiXI', 0.25357142857142856, 0.45, 0.5, 0.08333333333333333, 0.3, 0.8, 0.0, -0.3333333333333333, 0.0, 0.3, 0.0, 0.0, 0.35, 0.0, 0.0, 0.37499999999999994, -0.20833333333333334, 0.0, 0.3628571428571429, 0.0, 0.3833333333333333, 0.06833333333333334, 0.1634920634920635, 0.0, 0.0, 0.016666666666666677, 0.9, 0.0, 0.13636363636363635, 0.0, 0.0, 0.0, 0.3298430735930736, 0.0, 0.0, 0.0, 0.1845238095238095, 0.0, 0.4666666666666666, 0.18333333333333335, 0.3833333333333333, 0.008333333333333337, 0.0]
['iGTjD9HbHGw', 0.10333333333333333, 0.16666666666666666, 0.058666666666666666, 0.2375, 0.5, 0.0, -0.10000000000000002, 0.19374999999999998, 0.5, 0.0, 0.14285714285714285, 0.0, 0.0, 0.24285714285714285, 0.2, 0.8, 0.0, 0.25, 0.22499999999999998, 0.0, 0.0, 0.4, 0.16666666666666666, -0.03571428571428571, 0.0, 0.06071428571428572, 0.18727272727272729, 0.0, 0.0, 0.1, 0.0, 0.16666666666666666, 0.06392045454545457, 0.0, 0.2857142857142857, -0.13333333333333333, 0.7, 0.35, 0.128612012987013, 0.31410256410256415, 0.0, -0.0625, 0.0, 0.0, 0.0, 0.0, 0.0, 0.0, 0.0, 0.13636363636363635, 0.0, 0.5, 0.0, 0.225, 0.0, 0.1851190476190476, -0.007936507936507945, 0.0, -0.2111111111111111, 0.06818181818181818, 0.0, 0.8, -0.2, 0.15416666666666667, 0.011111111111111118, 0.0, 0.025000000000000022, 0.0, 0.25, 0.03333333333333335, 0.4000000000000001, 0.34285714285714286, 0.20999999999999996, -0.06666666666666667, 0.0, 0.0, 0.0, -0.03333333333333333, 0.33, 0.0, 0.0, 0.0, 0.0, -0.3, 0.25]
['uVxQ9UQoLlQ', 0.3, 0.3111111111111111, 0.13116883116883116, 0.3545454545454545, 0.34, 0.5, 0.39999999999999997, 0.10000000000000002, 0.10727272727272727, 0.375, 0.27499999999999997, 0.14285714285714285, 0.6000000000000001, 0.2333333333333333, 0.3, 0.4, 0.31773809523809526, 0.07500000000000001, 0.5, 0.0, 0.5, 0.0, 0.34722222222222227, 0.0, 0.21666666666666667, 0.43333333333333335, -0.2, 0.5, 0.14000000000000004, -0.0625, 0.2, 0.0, 0.0, 0.0, -0.05, 0.225, 0.0, 0.0, 0.0, 0.31885521885521884, 0.5, 0.5, 0.0, 0.5, 0.05833333333333333, 0.5, 0.22476190476190477, 0.20000000000000004, 0.0, 0.17, -0.05, 0.13636363636363635, 0.0, 0.8, 0.08333333333333333, 0.4166666666666667, 0.30000000000000004, 0.2, 0.0, 0.3227272727272727, -0.08333333333333337, 0.4, 0.5, 0.0, 0.1286363636363636, 0.7, 0.0, 0.5, 0.65, -0.044444444444444446, 0.0, -0.18000000000000002, 0.25, 0.5, 0.0, 0.275, 0.0, -0.05, 0.3333333333333333, -0.07142857142857142, 0.024999999999999994, 0.0, 0.13333333333333333, 0.0, 0.2, 0.8, 0.0, 0.5, 0.5, 0.4, 0.25, 0.21041666666666667, -0.1, 0.13, -0.04, 0.0, 0.050000000000000024]
['Hzf1aL3U_AE', -0.09999999999999999, 0.21144781144781144, 0.5142857142857142, 0.13636363636363635, 0.5666666666666668, 0.0, 0.25, 0.2285714285714286, 0.0, 0.47500000000000003, 0.8, 0.10555555555555558, 0.23095238095238094, 0.4, 0.10416666666666667, 0.32142857142857145, 0.0625, 1.0, -0.012499999999999997, 0.0, 0.0, 0.27777777777777773, 0.2, 0.2333333333333333, 0.0, 0.3, 0.375, 0.4, 0.0, 0.0, 0.6, 0.2, 0.0, 0.0, 0.1619047619047619, 0.0, 0.4, 1.0, 0.0, 0.27852272727272726, 0.2, 0.375, 0.0, 0.18571428571428572, -0.4, -0.0625, 0.35, 0.5, 0.3, -0.18333333333333335, 0.32976190476190476, 0.3, -0.13333333333333333, 0.15, 0.35000000000000003, 0.0, 0.3, 0.0, 0.2, 0.0, 0.0, 0.09545454545454544, 0.7249999999999999, 0.8, 0.0, 0.0, 0.2, 0.0, 0.0, 0.2, -0.10317460317460318, -0.07777777777777777, -0.06565656565656565, 0.44999999999999996, 0.11666666666666665, 0.3596938775510204, 0.12222222222222222, 0.0, 0.5599999999999999, 1.0, 0.3396153846153846, 0.0375, 0.3666666666666667, 0.0, 0.0, 0.0, -0.8, 0.0, 0.5874999999999999, 0.0, 0.366468253968254, -0.5, 0.125, 0.0, -0.16666666666666666, 0.15, -0.18181818181818182, 0.4666666666666666, 0.14583333333333334, 0.1678030303030303]
['BUN5xrOqFWU', 0.1, 0.20700280112044817, 0.0, 0.375, 0.08928571428571429, 0.17857142857142858, 0.0, 0.3333333333333333, 1.0, 0.8, 0.13636363636363635, 0.16818181818181818, 0.36121794871794866, 0.8, 0.5, 0.0, 0.0, 0.0, 0.0787878787878788, 0.0, 0.0, 0.5666666666666667, 0.41875, 0.2803030303030303, 0.4, 0.2, 0.15]
['yFQ-yCBFZqQ', 0.7, 1.0, -0.6999999999999998, 0.575, 0.0, 0.24045454545454548, 0.65, 0.2916666666666667, 0.6000000000000001, 0.4, 0.75, 0.3666666666666667, 0.25, -0.246875, 0.6000000000000001, 0.5666666666666667, 0.8, 0.0, 0.5, 0.8, 0.5, 0.0, 0.35028409090909096, 0.0, 0.35, 0.0341006216006216, -0.10625, 0.6, 0.5, 0.55, 0.2, 0.25, -0.35, 0.0, 0.4, 0.6, 0.425, 0.15000000000000002, 0.8, 0.2583333333333333, 0.5, 0.7, 0.0, 0.8, 0.0, 0.13636363636363635, 0.2]
['fnfCgeIb4uI', 0.0, 0.05208333333333333, 0.5, 0.4, 0.25, 0.5, 0.2107142857142857, 0.0, 0.4, 0.25, 0.23611111111111113, 0.0, 0.0, 0.0, -0.5, 0.0, 0.07301587301587302]
['9_QUx3BUAHk', 0.8666666666666667, 0.75, 0.5, 0.5, 0.8, 0.41111111111111115, 0.175, 0.43333333333333335, 0.19375, 0.1, 0.05356643356643357, 0.35, 0.7333333333333334, 0.0, 0.4777777777777778, 0.1340909090909091, 0.65, 0.6000000000000001, 0.35555555555555557, 1.0, -0.1, 0.0, 0.25, 0.2725, 0.0, 0.31666666666666665, 0.07477272727272727, -0.04999999999999999, 0.1, 0.0, 0.0, 0.0, 0.8, 0.8, 0.43, 0.0, 0.0, 0.43333333333333335, 0.0, 0.125, 0.13636363636363635]
['L-6e3AlQhL8', 0.14212962962962963, 0.52, 0.19479166666666667, -0.02291666666666667, 0.3, 0.25238095238095243, 0.17662337662337663, -0.11000000000000001, 0.25, 1.0, 0.3333333333333333, 0.2222222222222222, 0.275, 0.4166666666666667, 0.2159090909090909, 0.1, 0.1, 0.4, 0.016666666666666646, 0.8, 0.45, 0.0, 0.25, 0.45, 0.6333333333333333, 0.0, 0.3738461538461539, -0.1, 0.2333333333333333, 0.9, 0.43, 0.1, 0.35520833333333335, 0.21103896103896103, 0.10915251415251413, 0.18229166666666666, 0.6, 0.7, 0.3, -0.42500000000000004, 0.7, -0.013095238095238113, 0.253125, 0.17425925925925925, 0.35, 0.0125, 0.06545454545454545, 0.8, 0.2142857142857143, 0.0, 0.28437118437118436, 0.25416666666666665, 0.5, 0.75, 0.8, -0.3, 0.65, 0.0, 0.5, 0.4, 0.2314814814814815, 0.35, -0.23333333333333328, 0.0, 0.1, 0.19955357142857144, 0.009090909090909094, 0.2928571428571428, 0.21614718614718614, 0.2, 0.1, 0.3, 0.0, 0.0, 0.525, -0.3, 0.275, 0.0, 0.0, 0.26, 0.14458874458874457, 0.05, 0.0, 0.0, 0.0, 0.35, 0.8, 0.0, 0.17500000000000002, 0.0, 0.6, 0.0, 0.0, 0.0, 0.0, 0.33242424242424234, 0.28333333333333327, 0.1290050272308337]
['g6Hgdizw7B8', 0.3, 0.25833333333333336, 0.46875, 0.21333333333333332, 0.06458333333333333, 0.375, 0.0, 0.3333333333333333, 0.10683673469387754, 0.2, 0.125, -0.08333333333333333, 0.7250000000000001, 0.6499999999999999, 0.75, -0.8, 0.0, 0.75, 0.7, 0.25, 0.25416666666666665, 0.7, 0.18409090909090908, -0.0666666666666667, 0.0296875, 0.08166666666666665, 0.14109848484848483, 0.11394332939787487, 1.0, 0.5, 0.4916666666666667, 0.8, 0.1, 0.4666666666666666, 0.02857142857142862, 0.0, 0.5, 0.3181818181818182, 0.575, 0.5, 0.2, 0.7, 0.65, 0.825, 0.2625, 0.65, 0.0, 0.0175, 0.5, 0.6, 0.6000000000000001, 0.8, 0.32323232323232326, 1.0, 0.04999999999999999, 0.14285714285714285, 0.0, 0.7250000000000001, 0.0, 0.0, 0.4, 0.2551020408163266, 0.25, 0.8, 0.0, 0.8, 0.8, 0.35, 0.0, 0.5, 0.45476190476190476, 0.25, 0.26666666666666666, -0.14583333333333334, 1.0, 0.0, 0.0, 0.25, 0.2125, -0.05, 0.0, 0.3333333333333333, 0.12916666666666665, 0.2, 0.5, 0.9, 0.6, 0.34545454545454546, -0.125, 0.0, 0.0, 0.0, 0.0, 0.225, 0.0, 0.2681818181818182, 0.0, 0.0, 0.19523809523809524, 0.8]
['3C4j6dSn5u0', 0.24000000000000005, 0.5, 0.3333333333333333, 0.2708333333333333, 0.0, -0.02291666666666667, 0.65, 0.0, 0.24808080808080812, 0.425, 0.45000000000000007, 0.3, 0.1, 0.0, -0.19999999999999998, 0.8, 0.37749999999999995, 0.2, 0.6000000000000001, 0.55, -0.25, 0.3898989898989899, 0.08333333333333334, 0.0775, 0.31666666666666665, 0.5, 0.0630952380952381, 0.39999999999999997, 0.575, 0.55, 0.2333333333333333, 0.03125, -0.125, 0.0, 0.45, 0.125, 0.8, 0.55, 0.5, 0.0, 1.0, 0.8, 0.0, 0.2476190476190476, 0.3121212121212121, -0.04285714285714286, 0.7, 0.4, 0.8, 0.0, 0.5, 0.5, 0.2, 0.6216666666666666, 0.7, 0.1, 0.5, 0.0, -0.05952380952380952, 0.0, 0.4787878787878788, 0.25000000000000006, 0.0, 0.058333333333333334, 0.225, 0.0, 0.27619047619047615, 0.8, 0.25, 0.16666666666666666, -0.07142857142857142, 0.30833333333333335, 0.04375, -0.7999999999999999, 0.0, 0.5, 0.8, 0.0, 0.10000000000000002, 0.0, -0.1875, -0.3, 0.0, 0.11384615384615385, 0.7000000000000001, 0.0, 0.75, 0.0, 0.65, 0.1318181818181818, 0.25, 0.39999999999999997, 0.0, 0.0, -0.05833333333333335, 0.0]
['-ti4Mys9foA', 0.02500000000000001, 0.35, 0.0, 0.4714285714285714, -0.25, 0.18239795918367346, 0.3, 0.6333333333333333, -0.016666666666666663, 0.45, 0.3875, 0.5, 0.0, 0.65, 0.26666666666666666, 0.0, -0.05, 0.8, 0.0, 0.4, 0.7, 0.0, 0.4, 0.43333333333333335, 0.0625, 0.2, 0.22499999999999998, -0.2, 0.0, 0.0, -0.03333333333333335, 0.2, 0.1, 0.4928571428571428, 0.0, 0.0, 0.2283068783068783, -0.025249999999999995, 0.4, 0.5, 0.25, 0.3333333333333333, 0.5, 0.5, -0.25555555555555554, 0.4, 0.0, 1.0, 0.35, 0.7000000000000001, 0.8, 0.4, 0.5, 1.0, 0.8, 0.5, 0.1, 0.4, 0.26, 0.7, 0.43333333333333335, 0.3, 0.4, 0.75, 0.0, -0.3, 0.0, 0.22020202020202018, 0.8, 0.0, 0.425, 0.0, 0.1, 0.7, 0.0, 0.6666666666666666, 0.4, -0.3125, 0.0, 0.19285714285714284, 0.0, 0.0, 0.0, 0.0962012987012987, 0.13690476190476192, 0.13636363636363635, -0.08000000000000002, 0.8, -0.14722222222222223, 0.02727272727272727, -0.25, -0.07083333333333335, 0.2, 0.5800000000000001, 0.3055555555555556, -0.15000000000000002, 0.0, 0.5]
['q98AuKey3hg', 0.65, 0.2602272727272727, 0.3, 0.048958333333333326, 1.0, 0.25, 0.6666666666666666, 0.8, 0.2, 0.34444444444444444, 0.0, 0.13636363636363635, 0.2857142857142857, 0.0, 0.0, -0.3125, 0.0, 0.0, 0.0, 0.14821428571428572, 0.0, 0.26041666666666663, 0.2, 0.0, -0.037500000000000006, 0.13636363636363635, 0.0, 0.0, 0.0, 0.3, 0.0, 0.0, 0.0]
['kJWbAiYa1ZI', 0.26285714285714284, 0.0, 0.0, 0.8, 0.0, -0.125, 0.0, 0.7, 0.0, -0.14791666666666667, 0.375, 0.525, 0.3854166666666667, 0.0, 0.2]
['Ewue92KcSeA', 0.275, 0.3333333333333333, 0.375, 0.0, 0.0, 0.4787878787878788, 0.3714285714285715, 0.65, 0.0, 0.21666666666666667, -0.3125, 0.5, 0.05, 0.0, -0.5, 0.0, 0.0, 0.0, 0.0, 0.3333333333333333, 0.8, 0.625, 0.0, 0.5, 0.2, 0.09166666666666666, 0.0, 0.35, 0.0, 0.0, 0.0, 0.0]
['mgI8aZDCt5I', 0.125, 0.10000000000000002, -0.05, 0.30000000000000004, 0.2590909090909091, 0.6, 0.14948051948051946, -0.175, 0.4, 0.0, 0.05277777777777776, 0.225, 0.65, 0.0, 0.19999999999999998, -0.004166666666666666, 0.37142857142857144, -0.07765151515151517, 0.5, -0.22916666666666666, 0.0, 0.2888888888888889, 0.0, 0.6000000000000001, 0.35, -0.19999999999999998, 1.0, 0.14663299663299662, 0.7, 0.08, 1.0, 0.0, 0.0, 0.1, -0.6999999999999998, -0.3125, 0.0, 0.0, 0.0, 0.7, 0.0, 0.35, 0.0, 0.0, 0.5, 0.2, 0.0, 0.0, -0.08333333333333333, 0.0, 0.375, 0.25, 0.0, 0.2857142857142857, 0.06666666666666667, 0.0, 0.0, 0.05, 0.25, 0.3, 0.08888888888888889, 0.20000000000000004, 0.0, 0.0, 0.0, 0.0, 0.0, 0.0, 0.8, -0.011111111111111108, -0.3, 0.0, 0.0, 0.3433333333333333, 0.06666666666666667, -0.2, 0.04999999999999999]
['HaocGdKSTqU', -0.13333333333333333, 0.2333333333333333, 0.85, 0.3416666666666667, 0.27777777777777785, 0.24444444444444446, 0.13636363636363635, 0.2833333333333333, 0.0, 0.8, 0.4, 0.5, 0.5333333333333333, 0.0, -0.20625, 0.2375, 0.04999999999999999, 0.6, 0.22333333333333338, 0.125, 0.3064285714285714, 0.0, 0.6333333333333334, 0.7, 0.5, -0.06666666666666668, 0.03333333333333333, 0.0, -0.1, 0.0, 0.21212121212121213, 0.0, -0.3333333333333333, 0.2, 0.07777777777777778, -0.3125, 0.0, -0.14583333333333334, 0.0, 0.0, 0.4, 0.0, 0.0, 0.0, 0.0, 0.08666666666666667, 0.6, 0.2375, -0.55625]
